Rank,Previous Rank,First Appearance,First Rank,Name,Computer,Site,Manufacturer,Country,Year,Segment,Total Cores,Accelerator/Co-Processor Cores,Rmax [TFlop/s],Rpeak [TFlop/s],Nmax,Nhalf,HPCG [TFlop/s],Power (kW),Power Source,Energy Efficiency [GFlops/Watts],Memory,Architecture,Processor,Processor Technology,Processor Speed (MHz),Operating System,OS Family,Accelerator/Co-Processor,Cores per Socket,Processor Generation,System Model,System Family,Interconnect Family,Interconnect,Continent,Site ID,System ID
1,,67,1,LineShine,"LingKun, LX2 304C 1.55GHz, LingQi, Kylin OS",National Supercomputing Centre in Shenzhen (NSCS),Shenzhen Cloud Computing Center,China,2025,Research,13789440,,2198400.0,2735824.9,37647359.0,29880729.0,22004.9,42220.0,Submitted,52.07010895,,Cluster,LX2 304C 1.55GHz,LineShine LX2,1550,Kylin OS,Linux,None,304,LX2,LingKun,Shenzhen Cloud Computing Center Cluster,Custom Interconnect,LingQi,Asia,50287,180490
2,1.0,64,1,El Capitan,"HPE Cray EX255a, AMD 4th Gen EPYC 24C 1.8GHz, AMD Instinct MI300A, Slingshot-11, TOSS",DOE/NNSA/LLNL,HPE,United States,2024,Research,11340000,10260000.0,1809000.0,2821104.0,24768000.0,,17406.0,29684.62,Submitted,60.94064873,,MPP,AMD 4th Gen EPYC 24C 1.8GHz,AMD Zen-4 (Genoa),1800,TOSS,Linux,AMD Instinct MI300A,24,AMD Zen-4 (Genoa),HPE Cray EX255a,HPE Cray EX,Gigabit Ethernet,Slingshot-11,North America,49763,180307
3,2.0,59,1,Frontier,"HPE Cray EX235a, AMD Optimized 3rd Generation EPYC 64C 2GHz, AMD Instinct MI250X, Slingshot-11, HPE Cray OS",DOE/SC/Oak Ridge National Laboratory,HPE,United States,2021,Research,9066176,8451520.0,1353000.0,2055716.99,24837120.0,,14054.0,24607.0,Submitted,54.98435405,,MPP,AMD Optimized 3rd Generation EPYC 64C 2GHz,AMD Zen-3 (Milan),2000,HPE Cray OS,Linux,AMD Instinct MI250X,64,AMD Zen-3 (Milan),HPE Cray EX235a,HPE Cray EX,Gigabit Ethernet,Slingshot-11,North America,48553,180047
4,3.0,62,2,Aurora,"HPE Cray EX - Intel Exascale Compute Blade, Xeon CPU Max 9470 52C 2.4GHz, Intel Data Center GPU Max, Slingshot-11",DOE/SC/Argonne National Laboratory,Intel,United States,2023,Research,9264128,8159232.0,1012000.0,1980006.0,28773888.0,,5612.6,38698.36,Submitted,26.15097901,,MPP,Xeon CPU Max 9470 52C 2.4GHz,Intel Sapphire Rapids,2400,SUSE Linux Enterprise Server 15 SP4,Linux,Intel Data Center GPU Max,52,Intel Xeon Max,HPE Cray EX - Intel Exascale Compute Blade,HPE Cray EX - Intel Exascale Compute Blade,Gigabit Ethernet,Slingshot-11,North America,47347,180183
5,4.0,65,4,JUPITER Booster,"BullSequana XH3000, GH Superchip 72C 3GHz, NVIDIA GH200 Superchip, Quad-Rail NVIDIA InfiniBand NDR200, RedHat Enterprise Linux",EuroHPC/FZJ,Bull,Germany,2025,Research,4801344,3106752.0,1000000.0,1226280.64,22536192.0,,,15793.81,Submitted,63.31594466,,Cluster,GH Superchip 72C 3GHz,NVIDIA Grace CPU,3000,Red Hat Enterprise Linux,Linux,NVIDIA GH200 Superchip,72,NVIDIA Grace,BullSequana XH3000,EVIDEN BullSequana,Infiniband,Quad-Rail NVIDIA InfiniBand NDR200,Europe,51016,180357
6,,67,6,HPC7,"HPE Cray EX255a, AMD 4th Gen EPYC 24C 1.8GHz, AMD Instinct MI300A, Slingshot-11, RHEL 9",Eni S.p.A.,HPE,Italy,2026,Industry,3461472,3173760.0,571500.0,861126.32,13982976.0,,5949.81,8735.0,Submitted,65.42644533,,MPP,AMD 4th Gen EPYC 24C 1.8GHz,AMD Zen-4 (Genoa),1800,RHEL 9,Linux,AMD Instinct MI300A,24,AMD Zen-4 (Genoa),HPE Cray EX255a,HPE Cray EX,Gigabit Ethernet,Slingshot-11,Europe,50489,180451
7,5.0,62,3,Eagle,"Microsoft NDv5, Xeon Platinum 8480C 48C 2GHz, NVIDIA H100, NVIDIA Infiniband NDR",Microsoft Azure,Microsoft Azure,United States,2023,Industry,2073600,1900800.0,561200.0,846835.2,11796480.0,,,,,,,Cluster,Xeon Platinum 8480C 48C 2GHz,Intel Sapphire Rapids,2000,Ubuntu 22.04,Linux,NVIDIA H100,48,Xeon Platinum (Sapphire Rapids),Microsoft NDv5,Microsoft Azure Cluster,Infiniband,NVIDIA Infiniband NDR,North America,50981,180236
8,6.0,64,5,HPC6,"HPE Cray EX235a, AMD Optimized 3rd Generation EPYC 64C 2GHz, AMD Instinct MI250X, Slingshot-11, RHEL 8.9",Eni S.p.A.,HPE,Italy,2024,Industry,3143520,2930400.0,477900.0,606965.76,13914880.0,,,8460.9,Submitted,56.48335283,,MPP,AMD Optimized 3rd Generation EPYC 64C 2GHz,AMD Zen-3 (Milan),2000,RHEL 8.9,Linux,AMD Instinct MI250X,64,AMD Zen-3 (Milan),HPE Cray EX235a,HPE Cray EX,Gigabit Ethernet,Slingshot-11,Europe,50489,180315
9,7.0,55,1,Supercomputer Fugaku,"Supercomputer Fugaku, A64FX 48C 2.2GHz, Tofu interconnect D",RIKEN Center for Computational Science,Fujitsu,Japan,2020,Research,7630848,,442010.0,537212.0,21288960.0,,16004.5,29899.23,Submitted,14.78332385,,MPP,A64FX 48C 2.2GHz,Fujitsu ARM,2200,Red Hat Enterprise Linux,Linux,None,48,Fujitsu A64FX,Supercomputer Fugaku,Fujitsu Cluster,Proprietary Network,Tofu interconnect D,Asia,50831,179807
10,8.0,63,6,Alps,"HPE Cray EX254n, NVIDIA Grace 72C 3.1GHz, NVIDIA GH200 Superchip, Slingshot-11, HPE Cray OS",Swiss National Supercomputing Centre (CSCS),HPE,Switzerland,2024,Research,2121600,1372800.0,434900.0,574841.28,15400960.0,,3671.32,7124.0,Submitted,61.04716451,,MPP,NVIDIA Grace 72C 3.1GHz,NVIDIA Grace CPU,3100,HPE Cray OS,Linux,NVIDIA GH200 Superchip,72,NVIDIA Grace,HPE Cray EX254n,HPE Cray EX,Gigabit Ethernet,Slingshot-11,Europe,50422,180259
11,9.0,59,3,LUMI,"HPE Cray EX235a, AMD Optimized 3rd Generation EPYC 64C 2GHz, AMD Instinct MI250X, Slingshot-11",EuroHPC/CSC,HPE,Finland,2023,Research,2752704,2566080.0,379700.0,531505.15,13685760.0,,4586.95,7106.82,Submitted,53.42755269,,MPP,AMD Optimized 3rd Generation EPYC 64C 2GHz,AMD Zen-3 (Milan),2000,HPE Cray OS,Linux,AMD Instinct MI250X,64,AMD Zen-3 (Milan),HPE Cray EX235a,HPE Cray EX,Gigabit Ethernet,Slingshot-11,Europe,50908,180048
14,12.0,64,10,Tuolumne,"HPE Cray EX255a, AMD 4th Gen EPYC 24C 1.8GHz, AMD Instinct MI300A, Slingshot-11, TOSS",DOE/NNSA/LLNL,HPE,United States,2024,Research,1161216,1050624.0,208100.0,288881.05,8294400.0,,,3386.62,Submitted,61.44769711,,MPP,AMD 4th Gen EPYC 24C 1.8GHz,AMD Zen-4 (Genoa),1800,TOSS,Linux,AMD Instinct MI300A,24,AMD Zen-4 (Genoa),HPE Cray EX255a,HPE Cray EX,Gigabit Ethernet,Slingshot-11,North America,49763,180308
15,13.0,65,13,ISEG2,"Nebius NB-D-SR-IESH6, Xeon Platinum 8468 48C 2.1GHz, NVIDIA H200 SXM5 141 GB, Infiniband NDR400, Ubuntu 22.04",Nebius,Nebius AI,Netherlands,2025,Others,718848,658944.0,202400.0,338489.55,9164800.0,,,5300.0,Submitted,38.18867925,,Cluster,Xeon Platinum 8468 48C 2.1GHz,Intel Sapphire Rapids,2100,Ubuntu 22.04,Linux,NVIDIA H200 SXM5 141 GB,48,Xeon Platinum (Sapphire Rapids),Nebius NB-D-SR-IESH6,Nebius AI Cluster,Infiniband,Infiniband NDR400,Europe,50986,180366
16,14.0,62,8,MareNostrum 5 ACC,"BullSequana XH3000, Xeon Platinum 8460Y+ 32C 2.3GHz, NVIDIA H100 64GB, Infiniband NDR",EuroHPC/BSC,Bull,Spain,2023,Research,663040,591360.0,175300.0,249435.65,6194944.0,,1146.98,4158.9,Submitted,42.15056866,,Cluster,Xeon Platinum 8460Y+ 32C 2.3GHz,Intel Sapphire Rapids,2300,RedHat 9.1,Linux,NVIDIA H100 64GB,32,Xeon Platinum (Sapphire Rapids),BullSequana XH3000,EVIDEN BullSequana,Infiniband,Infiniband NDR,Europe,50979,180238
17,15.0,65,17,Discovery 6,"HPE Cray EX254n, NVIDIA Grace 72C 3.1GHz, NVIDIA GH200 Superchip, Slingshot-11, HPE Cray OS",ExxonMobil,HPE,United States,2025,Industry,806208,521664.0,164200.0,218438.74,9211904.0,,2580.06,,,,,MPP,NVIDIA Grace 72C 3.1GHz,NVIDIA Grace CPU,3100,HPE Cray OS,Linux,NVIDIA GH200 Superchip,72,NVIDIA Grace,HPE Cray EX254n,HPE Cray EX,Gigabit Ethernet,Slingshot-11,North America,50949,180352
18,,67,18,Maximus-02,"Dell PowerEdge XE9680, Intel Xeon Platinum 8570 56C 4GHz, NVIDIA H200 SXM5 141 GB, Infiniband NDR400, Ubuntu 24.04 LTS",Core42,DELL,United States,2026,Others,747520,675840.0,156100.0,343326.72,8499968.0,,,,,,,Cluster,Intel Xeon Platinum 8570 56C 4GHz,Intel Emerald Rapids,4000,Ubuntu 24.04 LTS,Linux,NVIDIA H200 SXM5 141 GB,56,Xeon Platinum 85xx (Emerald Rapids),Dell PowerEdge XE9680,Dell PowerEdge Cluster,Infiniband,Infiniband NDR400,North America,51131,180462
19,16.0,65,15,ABCI 3.0,"HPE Cray XD670, Xeon Platinum 8558 48C 2.1GHz, NVIDIA H200 SXM5 141 GB, Infiniband NDR200, Rocky Linux 9",National Institute of Advanced Industrial Science and Technology (AIST),HPE,Japan,2024,Research,479232,439296.0,145100.0,181493.81,7536640.0,,2445.67,3596.1,Submitted,40.34926726,,Cluster,Xeon Platinum 8558 48C 2.1GHz,Intel Emerald Rapids,2100,Rocky Linux 9,Linux,NVIDIA H200 SXM5 141 GB,48,Xeon Platinum 85xx,HPE Cray XD670,HPE Cray XD,Infiniband,Infiniband NDR200,Asia,50762,180390
20,,67,20,NIPA(NHN Cloud)-CL-1,"HPE ProLiant Compute XD685, AMD EPYC 9365 36C 3.4GHz, NVIDIA B200, Infiniband NDR400, Ubuntu 24.04",NHN Cloud,HPE,South Korea,2026,Vendor,643072,606208.0,137400.0,156484.24,9306112.0,,,,,,,Cluster,AMD EPYC 9365 36C 3.4GHz,AMD Zen-5 (Turin),3400,Ubuntu 24.04,Linux,NVIDIA B200 192 GB,36,AMD Zen-5 (Turin),HPE ProLiant Compute XD685,HPE Proliant,Infiniband,Infiniband NDR400,Asia,51133,180466
21,17.0,66,17,CHIE-4,"NVIDIA DGX B200, Xeon Platinum 8570 56C 2.1GHz, NVIDIA B200 SXM 180GB, Infiniband NDR400, Ubuntu 24.04.2 LTS",SoftBank Corp.,Nvidia,Japan,2025,Industry,662256,605024.0,135400.0,151878.0,9795584.0,,3760.55,,,,,Cluster,Xeon Platinum 8570 56C 2.1GHz,Intel Emerald Rapids,2100,Ubuntu 24.04.2 LTS,Linux,NVIDIA B200 SXM 180GB,56,Xeon Platinum 85xx (Emerald Rapids),NVIDIA DGX B200,NVIDIA DGX,Infiniband,Infiniband NDR400,Asia,51045,180438
23,19.0,62,9,Eos NVIDIA DGX SuperPOD,"NVIDIA DGX H100, Xeon Platinum 8480C 56C 3.8GHz, NVIDIA H100, Infiniband NDR400",NVIDIA Corporation,Nvidia,United States,2023,Vendor,485888,439296.0,121400.0,188645.02,5484544.0,,,,,,,Cluster,Xeon Platinum 8480C 56C 3.8GHz,Intel Sapphire Rapids,3800,Ubuntu 22.04.3 LTS,Linux,NVIDIA H100 SXM5 80GB,56,Xeon Platinum (Sapphire Rapids),NVIDIA DGX H100,NVIDIA DGX,Infiniband,Infiniband NDR400,North America,48448,180239
24,20.0,66,20,MAXIMUS-384,"PowerEdge XE9680, Intel Xeon Platinum 8570 56C 4GHz, AMD Instinct MI300X, RoCE, Ubuntu 22.04.3 LTS",Maximus,DELL,United States,2025,Industry,976896,933888.0,114500.0,251154.43,8673280.0,,,,,,,Cluster,Xeon Platinum 8570 56C 2.1GHz,Intel Emerald Rapids,2100,Ubuntu 22.04.3 LTS,Linux,AMD Instinct MI300X,56,Xeon Platinum 85xx (Emerald Rapids),Dell PowerEdge XE9680,Dell PowerEdge Cluster,Gigabit Ethernet,RoCE,North America,51109,180422
25,21.0,65,18,SSC-24,"HPE Cray XD670, Xeon Gold 6430 32C 2.1GHz, NVIDIA H100 SXM5 80GB, Infiniband NDR400, RHEL 9.2",Samsung Electronics,HPE,South Korea,2024,Industry,349440,329472.0,106200.0,151101.85,4915200.0,,,,,,,Cluster,Xeon Gold 6430 32C 2.1GHz,Intel Sapphire Rapids,2100,RHEL 9.2,Linux,NVIDIA H100 SXM5 80GB,32,Xeon Gold (Sapphire Rapids),HPE Cray XD670,HPE Cray XD,Infiniband,Infiniband NDR400,Asia,50903,180381
26,22.0,63,11,Venado,"HPE Cray EX254n, NVIDIA Grace 72C 3.1GHz, NVIDIA GH200 Superchip, Slingshot-11",DOE/NNSA/LANL,HPE,United States,2024,Research,481440,311520.0,98510.0,130444.75,6758400.0,,,1661.57,Submitted,59.28730057,,MPP,NVIDIA Grace 72C 3.1GHz,NVIDIA Grace CPU,3100,Linux,Linux,NVIDIA GH200 Superchip,72,NVIDIA Grace,HPE Cray EX254n,HPE Cray EX,Gigabit Ethernet,Slingshot-11,North America,50157,180246
27,24.0,47,1,Sunway TaihuLight,"Sunway MPP, Sunway SW26010 260C 1.45GHz, Sunway",National Supercomputing Center in Wuxi,NRCPC,China,2016,Research,10649600,,93014.59388,125435.904,12288000.0,,480.848,15371.0,Submitted,6.051304006,,MPP,Sunway SW26010 260C 1.45GHz,ShenWei,1450,Sunway RaiseOS 2.0.5,Linux,None,260,Sunway,Sunway MPP,Sunway Cluster,Custom Interconnect,Sunway,Asia,50623,178764
28,25.0,64,16,CHIE-3,"NVIDIA DGX H100, Xeon Platinum 8480C 56C 2GHz, NVIDIA H100, Infiniband NDR400, Ubuntu 22.04.4 LTS",SoftBank Corp.,Nvidia,Japan,2024,Industry,297840,269280.0,91940.0,138320.16,4620800.0,,,,,,,Cluster,Xeon Platinum 8480C 56C 2GHz,Intel Sapphire Rapids,2000,Ubuntu 22.04.4 LTS,Linux,NVIDIA H100,56,Xeon Platinum (Sapphire Rapids),NVIDIA DGX H100,NVIDIA DGX,Infiniband,Infiniband NDR400,Asia,51045,180330
29,26.0,63,17,CEA-HE,"BullSequana XH3000, GH Superchip 72C 3GHz, NVIDIA GH200 Superchip, Quad-Rail BXI v2, Linux",Commissariat a l'Energie Atomique (CEA),Bull,France,2024,Research,548352,354816.0,90790.0,171264.0,7208960.0,,1228.0,1770.0,Submitted,51.29378531,,Cluster,GH Superchip 72C 3GHz,NVIDIA Grace CPU,3000,Linux,Linux,NVIDIA GH200 Superchip,72,NVIDIA Grace,BullSequana XH3000,EVIDEN BullSequana,Infiniband,Quad-Rail BXI v2,Europe,47593,180271
30,27.0,64,17,CHIE-2,"NVIDIA DGX H100, Xeon Platinum 8480C 56C 2GHz, NVIDIA H100, Infiniband NDR400, Ubuntu 22.04.4 LTS",SoftBank Corp.,Nvidia,Japan,2024,Industry,297840,269280.0,89780.0,138320.16,4439040.0,,,,,,,Cluster,Xeon Platinum 8480C 56C 2GHz,Intel Sapphire Rapids,2000,Ubuntu 22.04.4 LTS,Linux,NVIDIA H100,56,Xeon Platinum (Sapphire Rapids),NVIDIA DGX H100,NVIDIA DGX,Infiniband,Infiniband NDR400,Asia,51045,180329
31,,67,31,DAEDALUS,"HPE Cray EX254n, NVIDIA Grace 72C 3.1GHz, NVIDIA GH200 Superchip, Slingshot-11, Red Hat Enterprise Linux",EuroHPC/GRNET (National Infrastructures for Research and Technology),HPE,Greece,2026,Research,411264,266112.0,85690.0,115084.57,6778880.0,,1132.05,1395.0,Submitted,61.4265233,,MPP,NVIDIA Grace 72C 3.1GHz,NVIDIA Grace CPU,3100,Red Hat Enterprise Linux,Linux,NVIDIA GH200 Superchip,72,NVIDIA Grace,HPE Cray EX254n,HPE Cray EX,Gigabit Ethernet,Slingshot-11,Europe,51148,180450
32,28.0,66,28,,"PowerEdge XE9680, Xeon Platinum 8480L 56C 2GHz, NVIDIA H100 80GB, Infiniband NDR400, Ubuntu 22.04","Shakti Cloud, Yotta Data Services Private Limited",DELL,India,2025,Others,294336,266112.0,84310.0,102816.0,4317184.0,,,,,,,Cluster,Xeon Platinum 8480L 56C 2GHz,Intel Sapphire Rapids,2000,Ubuntu 22.04,Linux,NVIDIA H100 80GB,56,Xeon Platinum (Sapphire Rapids),Dell PowerEdge XE9680,Dell PowerEdge Cluster,Infiniband,Infiniband NDR400,Asia,51112,180446
33,29.0,66,29,Nano 4,"ASUS ESC N8-E11V, Xeon Platinum 8480+ 56C 2GHz, NVIDIA H200 SXM5 141 GB, Infiniband NDR400, RHEL",National Center for High Performance Computing,ASUSTeK / Taiwan AI Cloud / Taiwan Mobile,Taiwan,2025,Research,256960,232320.0,81552.0,117920.0,5357568.0,,,2214.11,Submitted,36.83285835,,Cluster,Xeon Platinum 8480+ 56C 2GHz,Intel Sapphire Rapids,2000,RHEL,Linux,NVIDIA H200 SXM5 141 GB,56,Xeon Platinum (Sapphire Rapids),ASUS ESC N8-E11V,ASUSTeK Cluster,Infiniband,Infiniband NDR400,Asia,48468,180421
34,30.0,57,5,Perlmutter,"HPE Cray EX 235n, AMD EPYC 7763 64C 2.45GHz, NVIDIA A100 SXM4 40 GB, Slingshot-11",DOE/SC/LBNL/NERSC,HPE,United States,2021,Research,888832,774144.0,79230.0,112997.79,5800000.0,,1905.0,2945.0,Submitted,26.90322581,,MPP,AMD EPYC 7763 64C 2.45GHz,AMD Zen-3 (Milan),2450,HPE Cray OS,Linux,NVIDIA A100 SXM4 40 GB,64,AMD Zen-3 (Milan),HPE Cray EX 235n,HPE Cray EX,Gigabit Ethernet,Slingshot-11,North America,48429,179972
35,31.0,65,26,Njoerd,"HPE Cray XD670, Xeon Platinum 8462Y+ 32C 2.8GHz, NVIDIA H100 SXM5 80GB, Infiniband NDR400, Ubuntu 22.04",Northern Data Group,HPE,United Kingdom,2024,Industry,273280,257664.0,78200.0,106278.2,4188160.0,,,,,,,Cluster,Xeon Platinum 8462Y+ 32C 2.8GHz,Intel Sapphire Rapids,2800,Ubuntu 22.04,Linux,NVIDIA H100 SXM5 80GB,32,Xeon Platinum (Sapphire Rapids),HPE Cray XD670,HPE Cray XD,Infiniband,Infiniband NDR400,Europe,51076,180378
36,,67,36,Cassava AI Factory,"HPE Cray XD670, Xeon Platinum 8558 48C 2.1GHz, NVIDIA H200 SXM5 141 GB, Infiniband NDR, Linux",Africa Data Centres – CPT1,HPE,South Africa,2026,Industry,285696,261888.0,77790.0,102164.89,5615616.0,,,,,,,Cluster,Xeon Platinum 8558 48C 2.1GHz,Intel Emerald Rapids,2100,Linux,Linux,NVIDIA H200 SXM5 141 GB,48,Xeon Platinum 85xx,HPE Cray XD670,HPE Cray XD,Infiniband,Infiniband NDR,Africa,51134,180464
37,36.0,66,36,Harpia,"ThinkSystem SR665 V3, AMD EPYC 9354 32C 3.25GHz, NVIDIA H100 SXM5 80GB, Infiniband NDR, RedHat 8.10",Petróleo Brasileiro S.A,Lenovo,Brazil,2025,Industry,303104,270336.0,75200.0,141000.0,4322304.0,,,2008.0,Submitted,37.4501992,,Cluster,AMD EPYC 9354 32C 3.25GHz,AMD Zen-4 (Genoa),3250,RedHat 8.10,Linux,NVIDIA H100 SXM5 80GB,32,AMD Zen-4 (Genoa),ThinkSystem SR665 V3,Lenovo ThinkSystem,Infiniband,Infiniband NDR,South America,49587,180428
38,32.0,65,27,ABCI-Q,"Supermicro SYS-221GE-TNHT-LCC, Intel Xeon Platinum 8558 48C 2.1GHz, NVIDIA H100 SXM5 80GB, Infiniband NDR, Rocky Linux 9.4",National Institute of Advanced Industrial Science and Technology (AIST),Fujitsu,Japan,2025,Research,315120,266640.0,74580.0,99348.48,4587520.0,,969.327,1834.0,Submitted,40.66521265,,Cluster,Xeon Platinum 8558 48C 2.1GHz,Intel Emerald Rapids,2100,Rocky Linux 9.4,Linux,NVIDIA H100 SXM5 80GB,48,Xeon Platinum 85xx,Supermicro SYS-221GE-TNHT-LCC,Supermicro SuperServer,Infiniband,Infiniband NDR,Asia,51079,180362
39,,67,39,NIPA(),"Supermicro SYS-A22GA-NBRT, Intel Xeon 6960P 72C 2.7GHz, Infiniband NDR400, Ubuntu 24.04.3 LTS",Kakao,"Niagara Computers, Supermicro",South Korea,2026,Industry,36720,,69100.0,78652.61,6547456.0,1300000.0,,,,,,Cluster,Intel Xeon 6960P 72C 2.7GHz,Intel Granite Rapids,2700,Ubuntu 24.04.3 LTS,Linux,None,72,Intel Granite Rapids,Supermicro SYS-A22GA-NBRT,Supermicro SuperServer,Infiniband,Infiniband NDR400,Asia,51127,180454
40,,67,40,NIPA(NHN Cloud)-CL-2,"HPE ProLiant Compute XD685, AMD EPYC 9365 36C 3.4GHz, NVIDIA B200, Infiniband NDR400, Ubuntu 24.04",NHN Cloud,HPE,South Korea,2026,Vendor,320280,301920.0,68420.0,77936.49001,6717440.0,,,,,,,Cluster,AMD EPYC 9365 36C 3.4GHz,AMD Zen-5 (Turin),3400,Ubuntu 24.04,Linux,NVIDIA B200 192 GB,36,AMD Zen-5 (Turin),HPE ProLiant Compute XD685,HPE Proliant,Infiniband,Infiniband NDR400,Asia,51133,180455
41,33.0,64,20,El Dorado,"HPE Cray EX255a, AMD 4th Gen EPYC 24C 1.8GHz, AMD Instinct MI300A, Slingshot-11, TOSS",Sandia National Laboratories,HPE,United States,2024,Research,383040,346560.0,68020.0,95290.62,4734720.0,,,1110.02,Submitted,61.27817517,,MPP,AMD 4th Gen EPYC 24C 1.8GHz,AMD Zen-4 (Genoa),1800,TOSS,Linux,AMD Instinct MI300A,24,AMD Zen-4 (Genoa),HPE Cray EX255a,HPE Cray EX,Gigabit Ethernet,Slingshot-11,North America,48748,180309
42,,67,42,Arrhenius GPU,"HPE Cray EX254n, NVIDIA Grace 72C 3.1GHz, NVIDIA GH200 Superchip, Slingshot-11, HPE Cray OS",EuroHPC/NAISS (National Academic Infrastructure for Super­computing in Sweden),HPE,Sweden,2026,Research,310080,200640.0,66820.0,84015.26,5885952.0,,,1087.94,Submitted,61.41882824,,MPP,NVIDIA Grace 72C 3.1GHz,NVIDIA Grace CPU,3100,HPE Cray OS,Linux,NVIDIA GH200 Superchip,72,NVIDIA Grace,HPE Cray EX254n,HPE Cray EX,Gigabit Ethernet,Slingshot-11,Europe,51123,180457
43,34.0,64,21,Gefion,"NVIDIA DGX H100, Xeon Platinum 8480C 56C 2GHz, NVIDIA H100 SXM5 80GB, Octo-rail NVIDIA HDR100 Infiniband, Red Hat Enterprise Linux",Danish Centre for AI Innovation,Nvidia,Denmark,2024,Research,223088,201696.0,66590.0,100629.63,3648000.0,,749.786,1753.2,Submitted,37.98197582,,Cluster,Xeon Platinum 8480C 56C 2GHz,Intel Sapphire Rapids,2000,Red Hat Enterprise Linux,Linux,NVIDIA H100 SXM5 80GB,56,Xeon Platinum (Sapphire Rapids),NVIDIA DGX H100,NVIDIA DGX,Infiniband,Octo-rail NVIDIA HDR100 Infiniband,Europe,51051,180299
44,,67,44,ASPIRE 2B (GPU Partition),"HPE ProLiant Compute XD685, AMD EPYC 9655 96C 2.6GHz, NVIDIA H200 SXM5 141 GB, Slingshot-11, RHEL 9.6",National Supercomputing Centre Singapore,HPE,Singapore,2026,Research,239616,202752.0,66400.0,105979.08,5117440.0,,1116.12,1658.18,Submitted,40.04390356,,Cluster,AMD EPYC 9655 96C 2.6GHz,AMD Zen-5 (Turin),2600,RHEL 9.6,Linux,NVIDIA H200 SXM5 141 GB,96,AMD Zen-5 (Turin),HPE ProLiant Compute XD685,HPE Proliant,Gigabit Ethernet,Slingshot-11,Asia,50631,180467
45,35.0,55,7,Selene,"NVIDIA DGX A100, AMD EPYC 7742 64C 2.25GHz, NVIDIA A100, Mellanox HDR Infiniband",NVIDIA Corporation,Nvidia,United States,2020,Vendor,555520,483840.0,63460.0,79215.0,6598656.0,,1622.51,2646.0,Submitted,23.98337113,,Cluster,AMD EPYC 7742 64C 2.25GHz,AMD Zen-2 (Rome),2250,Ubuntu 20.04.1 LTS,Linux,NVIDIA A100,64,AMD Zen-2 (Rome),NVIDIA DGX A100,NVIDIA DGX,Infiniband,Mellanox HDR Infiniband,North America,48448,179842
46,37.0,64,25,SuperPOD,"NVIDIA DGX H100, Xeon Platinum 8480C 56C 3.8GHz, NVIDIA H100 80GB, Infiniband NDR400, Ubuntu 20.04.2 LTS",Core42,Nvidia,United Arab Emirates,2024,Industry,185712,167904.0,55810.0,87272.4,3305472.0,,,,,,,Cluster,Xeon Platinum 8480C 56C 3.8GHz,Intel Sapphire Rapids,3800,Ubuntu 20.04.2 LTS,Linux,NVIDIA H100 80GB,56,Xeon Platinum (Sapphire Rapids),NVIDIA DGX H100,NVIDIA DGX,Infiniband,Infiniband NDR400,Asia,51056,180314
47,38.0,65,33,AI-03,"Supermicro AS-4125GS-TNRT2, AMD EPYC 9334 32C 2.7GHz, AMD Instinct MI210 64 GB, BCM57508 NetXtreme-E, Ubuntu 22.04.5 LTS",Core42,Supermicro,United Arab Emirates,2025,Industry,483840,449280.0,54120.0,99125.0,5953536.0,,,,,,,Cluster,AMD EPYC 9334 32C 2.7GHz,AMD Zen-4 (Genoa),2700,Ubuntu 22.04.5 LTS,Linux,AMD Instinct MI210 64 GB,32,AMD Zen-4 (Genoa),Supermicro AS-4125GS-TNRT2,Supermicro SuperServer,Gigabit Ethernet,BCM57508 NetXtreme-E,Asia,51056,180361
48,39.0,61,11,Explorer-WUS3,"ND96_amsr_MI200_v4, AMD EPYC 7V12 48C 2.45GHz, AMD Instinct MI250X, Infiniband HDR",Microsoft Azure,Microsoft Azure,United States,2023,Vendor,445440,422400.0,53960.0,86986.752,5579520.0,,,,,,,Cluster,AMD EPYC 7V12 48C 2.45GHz,AMD Zen-2 (Rome),2450,Ubuntu 20.04,Linux,AMD Instinct MI250X,48,AMD Zen-2 (Rome),ND96_amsr_MI200_v4,Microsoft Azure Cluster,Infiniband,Infiniband HDR,North America,50870,180171
50,41.0,65,36,FPT AI Factory Japan,"HGX H200, Xeon Platinum 8558 48C 2.1GHz, NVIDIA H200 SXM5 141 GB, Infiniband NDR400, Ubuntu 22.04.5 LTS",FPT AI Factory Japan,HPE,Japan,2025,Industry,146304,134112.0,49850.0,67443.0,4184064.0,,,,,,,Cluster,Xeon Platinum 8558 48C 2.1GHz,Intel Emerald Rapids,2100,Ubuntu 22.04.5 LTS,Linux,NVIDIA H200 SXM5 141 GB,48,Xeon Platinum 85xx,HGX H200,NVIDIA HGX H200,Infiniband,Infiniband NDR400,Asia,51065,180399
51,,67,51,EYAS,"Dell PowerEdge XE9680, Intel Xeon Platinum 8568Y+ 48C 2.3GHz, NVIDIA H200 SXM5 141 GB, 400g Ethernet, Ubuntu 24.04 LTS",TAHAKOM,DELL,Saudi Arabia,2026,Others,147456,135168.0,48830.0,68608.0,4063232.0,2031616.0,,,,,,Cluster,Intel Xeon Platinum 8568Y+ 48C 2.3GHz,Intel Emerald Rapids,2300,Ubuntu 24.04 LTS,Linux,NVIDIA H200 SXM5 141 GB,48,Xeon Platinum 85xx,Dell PowerEdge XE9680,Dell PowerEdge Cluster,Gigabit Ethernet,400g Ethernet,Asia,51122,180458
53,43.0,65,38,FPT AI Factory Vietnam,"ASUS HGX H100, Xeon Platinum 8462Y+ 32C 2.8GHz, NVIDIA H100 SXM5 80GB, Infiniband NDR400, Ubuntu 22.04.5 LTS",FPT AI Factory Vietnam,ASUSTeK,Vietnam,2025,Industry,142240,134112.0,46650.0,67443.0,3225600.0,,,,,,,Cluster,Xeon Platinum 8462Y+ 32C 2.8GHz,Intel Sapphire Rapids,2800,Ubuntu 22.04.5 LTS,Linux,NVIDIA H100 SXM5 80GB,32,Xeon Platinum (Sapphire Rapids),ASUS HGX H100,ASUSTeK Cluster,Infiniband,Infiniband NDR400,Asia,51073,180387
54,44.0,62,16,ISEG,"Gigabyte G593-SD0, Xeon Platinum 8468 48C 2.1GHz, NVIDIA H100 SXM5 80 GB, Infiniband NDR400",Nebius,Nebius AI,Netherlands,2023,Others,218880,200640.0,46540.0,86792.19,3342336.0,,,1320.0,Submitted,35.25757576,,Cluster,Xeon Platinum 8468 48C 2.1GHz,Intel Sapphire Rapids,2100,Ubuntu 20.04,Linux,NVIDIA H100 SXM5 80GB,48,Xeon Platinum (Sapphire Rapids),Gigabyte G593-SD0,Nebius AI Cluster,Infiniband,Infiniband NDR400,Europe,50986,180234
56,46.0,64,31,Ubilink,"ASUS ESC N8-E11 Cluster, Intel Xeon Platinum 8462Y+ 32C 2.8GHz, NVIDIA H100 80GB, Infiniband NDR400, RHEL 8.9","Ubilink.AI CO., LTD",ASUSTeK,Taiwan,2024,Vendor,143360,135168.0,45820.0,69342.0,3078144.0,,442.165,1066.17,Submitted,42.97626082,,Cluster,Xeon Platinum 8462Y+ 32C 2.8GHz,Intel Sapphire Rapids,2800,RHEL 8.9,Linux,NVIDIA H100 80GB,32,Xeon Platinum (Sapphire Rapids),ASUS ESC N8-E11 Cluster,ASUSTeK Cluster,Infiniband,Infiniband NDR400,Asia,51037,180331
57,47.0,64,32,Reindeer,"Microsoft ND H200 v5, Xeon Platinum 8480C 48C 2GHz, NVIDIA H200, NVIDIA Infiniband NDR, Ubuntu 22.04",Microsoft Azure,Microsoft Azure,United States,2024,Industry,138240,126720.0,45590.0,56417.28,4034560.0,,,,,,,Cluster,Xeon Platinum 8480C 48C 2GHz,Intel Sapphire Rapids,2000,Ubuntu 22.04,Linux,NVIDIA H200,48,Xeon Platinum (Sapphire Rapids),Microsoft ND H200 v5,Microsoft Azure Cluster,Infiniband,NVIDIA Infiniband NDR,North America,51041,180349
58,48.0,56,7,JUWELS Booster Module,"Bull Sequana XH2000 , AMD EPYC 7402 24C 2.8GHz, NVIDIA A100, Mellanox HDR InfiniBand/ParTec ParaStation ClusterSuite",Forschungszentrum Juelich (FZJ),Bull,Germany,2020,Research,449280,404352.0,44120.0,70980.0,4315584.0,,1275.36,1764.22,Submitted,25.00821893,,Cluster,AMD EPYC 7402 24C 2.8GHz,AMD Zen-2 (Rome),2800,CentOS,Linux,NVIDIA A100,24,AMD Zen-2 (Rome),BullSequana XH2000,BullSequana,Infiniband,Mellanox HDR InfiniBand/ParTec ParaStation ClusterSuite,Europe,47871,179894
59,49.0,64,34,Israel-1,"PowerEdge XE9680, Xeon Platinum 8480+ 56C 2GHz, NVIDIA H100, NVIDIA Spectrum-X Ethernet, Ubuntu 22.04",NVIDIA Corporation,DELL,Israel,2023,Industry,74880,61776.0,41500.0,52679.02,3089920.0,,,,,,,Cluster,Xeon Platinum 8480+ 56C 2GHz,Intel Sapphire Rapids,2000,Ubuntu 22.04,Linux,NVIDIA H100,56,Xeon Platinum (Sapphire Rapids),Dell PowerEdge XE9680,Dell PowerEdge Cluster,Ethernet,NVIDIA Spectrum-X Ethernet,Asia,51055,180337
60,,67,60,,"ASUS HGX H200, Xeon Platinum 8558 48C 2.1GHz, NVIDIA H200, Infiniband NDR400, Ubuntu 24.04.1 LTS",Viettel AI Platform,ASUSTeK,Vietnam,2026,Industry,123264,112992.0,40210.0,56280.0,3788800.0,2679000.0,,,,,,Cluster,Xeon Platinum 8558 48C 2.1GHz,Intel Emerald Rapids,2100,Ubuntu 24.04.1 LTS,Linux,NVIDIA H200,48,Xeon Platinum 85xx,ASUS HGX H200,ASUSTeK Cluster,Infiniband,Infiniband NDR400,Asia,51118,180470
61,50.0,62,19,MareNostrum 5 GPP,"ThinkSystem SD650 v3, Xeon Platinum 03H-LC 56C 1.7GHz, Infiniband NDR200",EuroHPC/BSC,Lenovo,Spain,2023,Research,725760,,40101.8,46371.2256,13188096.0,,484.364,5752.9,Submitted,6.970710424,,Cluster,Xeon Platinum 8480+ 56C 2GHz,Intel Sapphire Rapids,2000,RedHat 9.1,Linux,None,56,Xeon Platinum (Sapphire Rapids),ThinkSystem SD650 v3,Lenovo ThinkSystem,Infiniband,Infiniband NDR200,Europe,50979,180237
63,,67,63,SAKURAONE CYD,"Supermicro SuperServer B200, Intel Xeon 6960P 72C 2.7GHz, NVIDIA B200 SXM 180GB, Gigabit Ethernet, Rocky Linux 9.6",SAKURA Internet Inc. / Prunus Solutions Inc.,Supermicro,Japan,2026,Industry,185920,165760.0,37790.0,43181.82,4669440.0,2334720.0,1076.97,,,,,Cluster,Intel Xeon 6960P 72C 2.7GHz,Intel Granite Rapids,2700,Rocky Linux 9.6,Linux,NVIDIA B200 SXM 180GB,72,Intel Granite Rapids,Supermicro SuperServer B200,Supermicro SuperServer,Gigabit Ethernet,Gigabit Ethernet,Asia,50809,180472
65,53.0,55,6,HPC5,"PowerEdge C4140, Xeon Gold 6252 24C 2.1GHz, NVIDIA Tesla V100, Mellanox HDR Infiniband",Eni S.p.A.,DELL,Italy,2020,Industry,669760,582400.0,35450.0,51720.76,5750784.0,,860.317,2252.17,Submitted,15.74037484,,Cluster,Xeon Gold 6252 24C 2.1GHz,Intel Cascade lake,2100,CentOS Linux 7,Linux,NVIDIA Tesla V100,24,Xeon Gold 62xx (Cascade Lake),PowerEdge C4140,Dell PowerEdge Cluster,Infiniband,Mellanox HDR Infiniband,Europe,50489,179856
67,,67,67,Sunrise,"PowerEdge XE9785L, AMD EPYC 9575F 64C 3.3GHz, AMD Instinct MI355X, Infiniband NDR400, Rocky Linux",UKAEA - University of Cambridge,DELL,United Kingdom,2026,Research,156672,147456.0,34770.0,46158.34,4644864.0,3091200.0,,,,,,Cluster,AMD EPYC 9575F 64C 3.3GHz,AMD Zen-5 (Turin),3300,Rocky Linux,Linux,AMD Instinct MI355X,64,AMD Zen-5 (Turin),PowerEdge XE9785L,Dell PowerEdge Cluster,Infiniband,Infiniband NDR400,Europe,51145,180469
69,54.0,65,49,SAKURAONE,"Supermicro SuperServer, Xeon Platinum 8580 60C 2GHz, 800G Ethernet, NVIDIA H100 SXM5 80GB, Rocky Linux 9.4",SAKURA Internet Inc. / Prunus Solutions Inc.,Supermicro,Japan,2024,Industry,115248,103488.0,33950.0,47792.64,2706432.0,,396.295,,,,,Cluster,Xeon Platinum 8580 60C 2GHz,Intel Emerald Rapids,2000,Rocky Linux 9.4,Linux,NVIDIA H100 SXM5 80GB,60,Xeon Platinum 85xx,Supermicro SuperServer,Supermicro SuperServer,Gigabit Ethernet,800G Ethernet,Asia,50809,180383
70,55.0,66,55,cluster A,"ThinkSystem SR680a V3, Xeon Platinum 8558P 48C 2.7GHz, NVIDIA HGX B200, Infiniband NDR400, Ubuntu",SDS AI,Lenovo,Israel,2025,Industry,162560,150368.0,33670.0,38873.99,4571136.0,,,,,,,Cluster,Xeon Platinum 8558P 48C 2.7GHz,Intel Emerald Rapids,2700,Ubuntu,Linux,NVIDIA HGX B200,48,Xeon Platinum 85xx (Emerald Rapids),ThinkSystem SR680a V3,Lenovo ThinkSystem,Infiniband,Infiniband NDR400,Asia,51091,180435
71,56.0,66,56,Cluster B,"PowerEdge XE9680, Xeon Platinum 8562Y+ 32C 2.8GHz, NVIDIA HGX B200, Infiniband NDR400, Ubuntu",SDS AI,DELL,Israel,2025,Industry,158496,150368.0,33640.0,38548.87,4571136.0,,,,,,,Cluster,Xeon Platinum 8562Y+ 32C 2.8GHz,Intel Emerald Rapids,2800,Ubuntu,Linux,NVIDIA HGX B200,32,Xeon Platinum 85xx,Dell PowerEdge XE9680,Dell PowerEdge Cluster,Infiniband,Infiniband NDR400,Asia,51091,180419
72,57.0,62,22,Sejong,"NVIDIA DGX A100, AMD EPYC 7742 64C 2.25GHz, NVIDIA A100, Infiniband HDR",NAVER Corp,Nvidia,South Korea,2023,Industry,277760,241920.0,32970.0,40772.48,4532736.0,,,,,,,Cluster,AMD EPYC 7742 64C 2.25GHz,AMD Zen-2 (Rome),2250,Ubuntu 20.04.2 LTS,Linux,NVIDIA A100,64,AMD Zen-2 (Rome),NVIDIA DGX A100,NVIDIA DGX,Infiniband,Infiniband HDR,Asia,50983,180222
74,59.0,63,44,kakaocloud,"Supermicro AS-4124GO-NART, AMD EPYC 7763 64C 2.45GHz, NVIDIA A100 80GB, Infiniband HDR200, Ubuntu 22.04.3 LTS",Kakao Enterprise,Supermicro,South Korea,2024,Industry,253952,221184.0,32000.0,37382.55,4448731.0,,,,,,,Cluster,AMD EPYC 7763 64C 2.45GHz,AMD Zen-3 (Milan),2450,Ubuntu 22.04.3 LTS,Linux,NVIDIA A100 80GB,64,AMD Zen-3 (Milan),Supermicro AS-4124GO-NART,Supermicro Cluster,Infiniband,Infiniband HDR200,Asia,51009,180291
76,61.0,65,54,Hunter,"HPE Cray EX255a, AMD 4th Gen EPYC 24C 1.8GHz, AMD Instinct MI300A, Slingshot-11, RHEL 9",HLRS - Höchstleistungsrechenzentrum Stuttgart,HPE,Germany,2024,Research,181440,164160.0,31680.0,45137.66,3146426.0,,351.135,490.0,Submitted,64.65306122,,MPP,AMD 4th Gen EPYC 24C 1.8GHz,AMD Zen-4 (Genoa),1800,RHEL 9,Linux,AMD Instinct MI300A,24,AMD Zen-4 (Genoa),HPE Cray EX255a,HPE Cray EX,Gigabit Ethernet,Slingshot-11,Europe,50543,180391
77,62.0,65,55,Viper-GPU,"BullSequana XH3000, AMD Instinct MI300A 24C 1.8GHz, AMD Instinct MI300A, Infiniband NDR200, RedHat Enterprise Linux",Max-Planck-Gesellschaft MPI/IPP,Bull,Germany,2025,Research,151200,136800.0,31096.0,44164.8,2928000.0,,,499.98,Submitted,62.19448778,,Cluster,AMD Instinct MI300A 24C 1.8GHz,AMD Instinct,1800,Red Hat Enterprise Linux,Linux,AMD Instinct MI300A,24,AMD Instinct MI300A,BullSequana XH3000,EVIDEN BullSequana,Infiniband,Infiniband NDR200,Europe,48331,180358
78,63.0,58,10,Voyager-EUS2,"ND96amsr_A100_v4, AMD EPYC 7V12 48C 2.45GHz, NVIDIA A100 80GB​, Mellanox HDR Infiniband",Microsoft Azure,Microsoft Azure,United States,2021,Vendor,253440,228096.0,30050.0,39531.15,4669056.0,,,,,,,Cluster,AMD EPYC 7V12 48C 2.45GHz,AMD Zen-2 (Rome),2450,Ubuntu 18.04 LTS,Linux,NVIDIA Tesla A100 80G,48,AMD Zen-2 (Rome),ND96amsr_A100_v4,Microsoft Azure Cluster,Infiniband,Mellanox HDR Infiniband,North America,50897,180024
79,64.0,62,24,Crossroads,"HPE Cray EX, Xeon CPU Max 9480 56C 1.9GHz, Slingshot-11",DOE/NNSA/LANL/SNL,HPE,United States,2023,Research,660800,,30034.7,40176.64,8771328.0,,967.311,6283.91,Submitted,4.779619695,,MPP,Xeon CPU Max 9480 56C 1.9GHz,Intel Sapphire Rapids,1900,HPE Cray OS,Linux,None,56,Intel Xeon Max,HPE Cray EX,HPE Cray EX,Gigabit Ethernet,Slingshot-11,North America,50334,180178
81,66.0,60,15,Setonix – GPU,"HPE Cray EX235a, AMD Optimized 3rd Generation EPYC 64C 2GHz, AMD Instinct MI250X, Slingshot-11","Pawsey Supercomputing Centre, Kensington, Western Australia",HPE,Australia,2022,Research,181248,168960.0,27160.0,34996.22,3538944.0,,311.905,476.63,Submitted,56.98340432,,MPP,AMD Optimized 3rd Generation EPYC 64C 2GHz,AMD Zen-3 (Milan),2000,HPE Cray OS,Linux,AMD Instinct MI250X,64,AMD Zen-3 (Milan),HPE Cray EX235a,HPE Cray EX,Gigabit Ethernet,Slingshot-11,Oceania,50488,180123
82,67.0,60,16,Discovery 5,"HPE Cray EX235n, AMD  EPYC 7543 32C 2.8GHz, NVIDIA A100 SXM4 40 GB, Slingshot-11",ExxonMobil,HPE,United States,2022,Industry,232000,216000.0,26130.0,30990.8,3136100.0,,,964.0,Submitted,27.10580913,,MPP,AMD  EPYC 7543 32C 2.8GHz,AMD Zen-3 (Milan),2800,HPE Cray OS,Linux,NVIDIA A100 SXM4 40 GB,32,AMD Zen-3 (Milan),HPE Cray EX 235n,HPE Cray EX,Gigabit Ethernet,Slingshot-11,North America,50949,180131
83,68.0,58,12,Polaris,"Apollo 6500, AMD EPYC 7532 32C 2.4GHz, NVIDIA A100 SXM4 40 GB, Slingshot-10",DOE/SC/Argonne National Laboratory,HPE,United States,2021,Research,256592,238896.0,25810.0,34163.19,3397536.0,,,,,,,Cluster,AMD EPYC 7532 32C 2.4GHz,AMD Zen-2 (Rome),2400,SLES15 SP2,Linux,NVIDIA A100 SXM4 40 GB,32,AMD Zen-2 (Rome),Apollo 6500,HPE Apollo,Gigabit Ethernet,Slingshot-10,North America,47347,180016
84,69.0,58,11,SSC-21,"Apollo 6500 Gen10 plus, AMD  EPYC 7543 32C 2.8GHz, NVIDIA A100 80GB​, Infiniband HDR200",Samsung Electronics,HPE,South Korea,2021,Industry,204160,190080.0,25177.0,31751.1,4130000.0,,,,,,,Cluster,AMD  EPYC 7543 32C 2.8GHz,AMD Zen-3 (Milan),2800,RHEL 8.3,Linux,NVIDIA Tesla A100 80G,32,AMD Zen-3 (Milan),Apollo 6500 Gen10 plus,HPE Apollo,Infiniband,Infiniband HDR200,Asia,50903,180041
85,70.0,65,65,Portage,"HPE Cray EX255a, AMD 4th Gen EPYC 24C 1.8GHz, AMD Instinct MI300A, Slingshot-11, RHEL 8.9",Hewlett Packard Enterprise,HPE,United States,2024,Vendor,129024,116736.0,24500.0,32097.89,2703360.0,,277.815,369.66,Submitted,66.27711952,,MPP,AMD 4th Gen EPYC 24C 1.8GHz,AMD Zen-4 (Genoa),1800,RHEL 8.9,Linux,AMD Instinct MI300A,24,AMD Zen-4 (Genoa),HPE Cray EX255a,HPE Cray EX,Gigabit Ethernet,Slingshot-11,North America,51014,180382
86,71.0,65,63,Mary Coombs,"ThinkSystem SD650-N V3, Xeon Gold 6448Y 32C 2.1GHz, NVIDIA H100 SXM5 80GB, Infiniband NDR200, RHEL",Science and Technology Facilities Council,Lenovo,United Kingdom,2025,Research,99456,88704.0,24410.0,31181.0,2551808.0,,,,,,,Cluster,Xeon Gold 6448Y 32C 2.1GHz,Intel Sapphire Rapids,2100,RHEL,Linux,NVIDIA H100 SXM5 80GB,32,Xeon Gold (Sapphire Rapids),ThinkSystem SD650-N V3,Lenovo ThinkSystem,Infiniband,Infiniband NDR200,Europe,50732,180369
87,72.0,63,47,rzAdams,"HPE Cray EX255a, AMD 4th Gen EPYC 24C 1.8GHz, AMD Instinct MI300A, Slingshot-11, TOSS",DOE/NNSA/LLNL,HPE,United States,2024,Research,129024,116736.0,24380.0,32097.89,2764800.0,,,388.2,Submitted,62.80267903,,MPP,AMD 4th Gen EPYC 24C 1.8GHz,AMD Zen-4 (Genoa),1800,TOSS,Linux,AMD Instinct MI300A,24,AMD Zen-4 (Genoa),HPE Cray EX255a,HPE Cray EX,Gigabit Ethernet,Slingshot-11,North America,49763,180284
89,,67,89,,"HPE ProLiant Compute XD685, AMD EPYC 9455 48C 3.15GHz, NVIDIA H200 SXM5 141 GB, Infiniband NDR200, Rocky Linux 9.6",Research Institute,HPE,Japan,2026,Research,73728,67584.0,23780.0,26571.57,3063808.0,,367.974,,,,,Cluster,AMD EPYC 9455 48C 3.15GHz,AMD Zen-5 (Turin),3150,Rocky Linux 9.6,Linux,NVIDIA H200 SXM5 141 GB,48,AMD Zen-5 (Turin),HPE ProLiant Compute XD685,HPE Proliant,Infiniband,Infiniband NDR200,Asia,51121,180456
92,75.0,63,34,Yep1,"NVIDIA DGX H100, Xeon Platinum 8480C 56C 3.8GHz, NVIDIA H100 SXM5 80 GB, Infiniband NDR400",Ahrefs US DC,Nvidia,United States,2023,Others,73584,66528.0,23320.0,34579.64,2161920.0,,,,,,,Cluster,Xeon Platinum 8480C 56C 3.8GHz,Intel Sapphire Rapids,3800,Ubuntu 22.04.3 LTS,Linux,NVIDIA H100 SXM5 80GB,56,Xeon Platinum (Sapphire Rapids),NVIDIA DGX H100,NVIDIA DGX,Infiniband,Infiniband NDR400,North America,50997,180265
93,76.0,63,35,BioHive-2,"NVIDIA DGX H100, Xeon Platinum 8480C 56C 2GHz, NVIDIA H100, Infiniband NDR400",Recursion,Nvidia,United States,2024,Industry,40320,33264.0,23320.0,34219.58,2150400.0,,,,,,,Cluster,Xeon Platinum 8480C 56C 2GHz,Intel Sapphire Rapids,2000,Ubuntu 22.04,Linux,NVIDIA H100,56,Xeon Platinum (Sapphire Rapids),NVIDIA DGX H100,NVIDIA DGX,Infiniband,Infiniband NDR400,North America,50874,180263
94,77.0,58,14,CEA-HF,"BullSequana XH2000, AMD EPYC 7763 64C 2.45GHz, Atos BXI V2",Commissariat a l'Energie Atomique (CEA),Bull,France,2021,Research,810240,,23237.6,31761.4,12153600.0,,340.84,4959.47,Submitted,4.685500668,,Cluster,AMD EPYC 7763 64C 2.45GHz,AMD Zen-3 (Milan),2450,Linux,Linux,None,64,AMD Zen-3 (Milan),BullSequana XH2000,BullSequana,Custom Interconnect,Atos BXI V2,Europe,47593,180031
95,78.0,66,78,Sovereign AI Factory,"HPE Cray XD670, Xeon Platinum 8562Y+ 32C 2.8GHz, NVIDIA H200 SXM5 141 GB, Infiniband NDR400, Ubuntu 24.04.1 LTS",TELUS,HPE,Canada,2025,Others,70560,66528.0,22740.0,27440.68,2853888.0,,,,,,,Cluster,Xeon Platinum 8562Y+ 32C 2.8GHz,Intel Emerald Rapids,2800,Ubuntu 24.04.1 LTS,Linux,NVIDIA H200 SXM5 141 GB,32,Xeon Platinum 85xx,HPE Cray XD670,HPE Cray XD,Infiniband,Infiniband NDR400,North America,51104,180403
96,79.0,56,10,Dammam-7,"Cray CS-Storm, Xeon Gold 6248 20C 2.5GHz, NVIDIA Tesla V100 SXM2, InfiniBand HDR 100",Saudi Aramco,HPE,Saudi Arabia,2020,Industry,672520,632960.0,22400.0,55423.56,5696640.0,,881.401,,,,,Cluster,Xeon Gold 6248 20C 2.5GHz,Intel Cascade lake,2500,RHEL 7.7,Linux,NVIDIA Tesla V100 SXM2,20,Xeon Gold 62xx (Cascade Lake),Cray CS-Storm,Cray CS-Storm,Infiniband,InfiniBand HDR100,Asia,48751,179885
97,80.0,63,38,TAIPEI-1,"NVIDIA DGX H100, Xeon Platinum 8480C 56C 2GHz, NVIDIA H100, NVIDIA Infiniband NDR",NVIDIA Corporation,Nvidia,Taiwan,2024,Industry,40960,33792.0,22300.0,34533.38,2170880.0,,,,,,,Cluster,Xeon Platinum 8480C 56C 2GHz,Intel Sapphire Rapids,2000,Ubuntu 22.04,Linux,NVIDIA H100,56,Xeon Platinum (Sapphire Rapids),NVIDIA DGX H100,NVIDIA DGX,Infiniband,NVIDIA Infiniband NDR,Asia,51018,180264
98,,67,98,KDDI GPU Cloud,"NVIDIA DGX GB200 NVL72, NVIDIA Grace 72C 3.1GHz, NVIDIA GB200 Superchip, NVIDIA Spectrum-X Ethernet, Ubuntu 24.04.1 LTS",KDDI CORPORATION,HPE,Japan,2026,Industry,148896,120384.0,22210.0,24121.8,3883008.0,,532.451,,,,,Cluster,NVIDIA Grace 72C 3.1GHz,NVIDIA Grace CPU,3100,Ubuntu 24.04.1 LTS,Linux,NVIDIA GB200 Superchip,72,NVIDIA Grace,NVIDIA DGX GB200 NVL72,NVIDIA DGX,Ethernet,NVIDIA Spectrum-X Ethernet,Asia,51137,180474
100,82.0,62,34,DeepL Mercury,"NVIDIA DGX H100, Xeon Platinum 8480C 56C 2GHz, NVIDIA H100, NVIDIA Infiniband NDR",DeepL SE Super POD Cluster Mercury,Nvidia,Sweden,2023,Industry,40960,33792.0,21850.0,33849.34,2113536.0,,,,,,,Cluster,Xeon Platinum 8480C 56C 2GHz,Intel Sapphire Rapids,2000,Ubuntu 22.04,Linux,NVIDIA H100,56,Xeon Platinum (Sapphire Rapids),NVIDIA DGX H100,NVIDIA DGX,Infiniband,NVIDIA Infiniband NDR,Europe,50974,180224
101,83.0,58,19,Chervonenkis,"YANDEX Y4N-GA1-TY25-ZB0, AMD EPYC 7702 64C 2GHz, NVIDIA A100 80GB​, Infiniband",Yandex,"YANDEX, NVIDIA",Russia,2021,Industry,193440,168480.0,21530.0,29415.17,3926016.0,,,,,,,Cluster,AMD EPYC 7702 64C 2GHz,AMD Zen-2 (Rome),2000,Ubuntu 16.04,Linux,NVIDIA Tesla A100 80G,64,AMD Zen-2 (Rome),YANDEX Y4N-GA1-TY25-ZB0,YANDEX Cluster,Infiniband,Infiniband,Europe,50862,180029
102,84.0,65,76,HPC-AI,"HPE Cray XD670, Xeon Platinum 8462Y+ 32C 2.8GHz, NVIDIA H100 SXM5 80GB, Infiniband, Ubuntu 22.04",Bank of America,HPE,United States,2025,Industry,71680,67584.0,21460.0,27876.25,1966080.0,,,,,,,Cluster,Xeon Platinum 8462Y+ 32C 2.8GHz,Intel Sapphire Rapids,2800,Ubuntu 22.04,Linux,NVIDIA H100 SXM5 80GB,32,Xeon Platinum (Sapphire Rapids),HPE Cray XD670,HPE Cray XD,Infiniband,Infiniband,North America,51078,180373
103,85.0,66,85,Teton,"HPE Cray EX, AMD EPYC 9965 192C 2.25GHz, Slingshot-11, RHEL 9.5",Idaho National Laboratory,HPE,United States,2025,Research,393216,,20765.0,28311.55,7680000.0,,206.537,1564.6,Submitted,13.27176275,,MPP,AMD EPYC 9965 192C 2.25GHz,AMD Zen-5 (Turin),2250,RHEL 9.5,Linux,None,192,AMD Zen-5 (Turin),HPE Cray EX,HPE Cray EX,Gigabit Ethernet,Slingshot-11,North America,47650,180402
104,86.0,66,86,Alem.Cloud,"HPE Cray XD670, Intel Xeon Platinum 8568Y+ 48C 2.3GHz, NVIDIA H200 SXM5 141 GB, 400g Ethernet, SLES 15",NITEC,HPE,Kazakhstan,2025,Government,66816,61248.0,20480.0,25340.06,2375680.0,,,,,,,Cluster,Intel Xeon Platinum 8568Y+ 48C 2.3GHz,Intel Emerald Rapids,2300,SLES 15,Linux,NVIDIA H200 SXM5 141 GB,48,Xeon Platinum 85xx,HPE Cray XD670,HPE Cray XD,Gigabit Ethernet,400g Ethernet,Asia,51106,180404
105,87.0,65,78,Fir (GPU),"ThinkSystem SD665-N V3, AMD EPYC 9454 48C 2.75GHz, NVIDIA H100, Infiniband, AlmaLinux 9",Simon Fraser University/Digital Research Alliance of Canada,Lenovo,Canada,2025,Research,92160,84480.0,19960.0,33315.84,2485248.0,,,475.73,Submitted,41.95657201,,Cluster,AMD EPYC 9454 48C 2.75GHz,AMD Zen-4 (Genoa),2750,AlmaLinux 9,Linux,NVIDIA H100 80GB,48,AMD Zen-4 (Genoa),ThinkSystem SD665-N V3,Lenovo ThinkSystem,Infiniband,Infiniband,North America,51084,180353
106,,67,106,Supercomputer ROQUO,"XN24-VC0-LA61-SJ1, NVIDIA Grace 72C 3.1GHz, NVIDIA GB200 Superchip, InfiniBand XDR (800 Gb/s, 4X), Rocky Linux 9.8",RIKEN Center for Computational Science,Giga Computing Technology,Japan,2026,Research,97200,77760.0,19800.0,22623.0,3414016.0,,,,,,,Cluster,NVIDIA Grace 72C 3.1GHz,NVIDIA Grace CPU,3100,Rocky Linux 9.8,Linux,NVIDIA GB200 Superchip,72,NVIDIA Grace,XN24-VC0-LA61-SJ1,Giga Computing Technology Cluster,Infiniband,"InfiniBand XDR (800 Gb/s, 4X)",Asia,50831,180484
107,88.0,58,22,ARCHER2,"Cray XE, AMD EPYC 7742 64C 2.25GHz, Slingshot-10",EPSRC/University of Edinburgh,HPE,United Kingdom,2021,Research,716800,,19539.0,25804.0,5816959.0,,350.21,,,,,MPP,AMD EPYC 7742 64C 2.25GHz,AMD Zen-2 (Rome),2250,HPE Cray OS,Linux,None,64,AMD Zen-2 (Rome),HPE Cray EX,HPE Cray EX,Gigabit Ethernet,Slingshot-10,Europe,50487,180036
108,89.0,59,85,Titan,"Apollo 6500, AMD EPYC 7763 64C 2.45GHz, NVIDIA A100 SXM4 80 GB, Infiniband HDR, RHEL 8.6",SK Telecom,HPE,South Korea,2024,Industry,153760,133920.0,19530.0,24947.81,3429888.0,,,,,,,Cluster,AMD EPYC 7763 64C 2.45GHz,AMD Zen-3 (Milan),2450,RHEL 8.6,Linux,NVIDIA A100 SXM4 80 GB,64,AMD Zen-3 (Milan),Apollo 6500,HPE Apollo,Infiniband,Infiniband HDR,Asia,50920,180084
109,90.0,66,90,TII-Oryx-HPC,"ASUS ESC N8-E11, Xeon Platinum 8462Y+ 32C 2.8GHz, NVIDIA H100 80GB HBM3, Infiniband NDR, Qlustar 14 / Ubuntu 24.04",Tii,Mbuzz/Q-Leap Networks,United Arab Emirates,2025,Research,61600,58080.0,19480.0,26571.52,2080768.0,,,,,,,Cluster,AMD EPYC 9354 32C 3.25GHz,AMD Zen-4 (Genoa),3250,Qlustar 14 / Ubuntu 24.04,Linux,NVIDIA H100 80GB HBM3,32,AMD Zen-4 (Genoa),ASUS ESC N8-E11,ASUSTeK Cluster,Infiniband,NVIDIA Infiniband NDR,Asia,51111,180424
113,93.0,66,93,SAKURAONE CYC,"SuperServer H200, Xeon Platinum 8580 60C 2GHz, NVIDIA H200 SXM5 141 GB, Gigabit Ethernet, Rocky Linux 9.6",SAKURA Internet Inc. / Prunus Solutions Inc.,Supermicro,Japan,2025,Industry,64680,58080.0,19310.0,29902.4,2703360.0,,307.854,,,,,Cluster,Xeon Platinum 8580 60C 2GHz,Intel Emerald Rapids,2000,Rocky Linux 9.6,Linux,NVIDIA H200 SXM5 141 GB,60,Xeon Platinum 85xx,SuperServer H200,Supermicro SuperServer,Gigabit Ethernet,Gigabit Ethernet,Asia,50809,180432
114,94.0,57,19,Ghawar-1,"HPE Cray EX, AMD EPYC 7702 64C 2GHz, Slingshot-10",Saudi Aramco,HPE,Saudi Arabia,2021,Industry,714240,,19256.0,22855.68,9791600.0,,381.723,,,,,MPP,AMD EPYC 7702 64C 2GHz,AMD Zen-2 (Rome),2000,SLES15 SP2,Linux,None,64,AMD Zen-2 (Rome),HPE Cray EX,HPE Cray EX,Gigabit Ethernet,Slingshot-10,Asia,48751,179929
115,95.0,59,29,Frontier TDS,"HPE Cray EX235a, AMD Optimized 3rd Generation EPYC 64C 2GHz, AMD Instinct MI250X, Slingshot-11",DOE/SC/Oak Ridge National Laboratory,HPE,United States,2021,Research,120832,112640.0,19200.0,23105.54,2875392.0,,,308.68,Submitted,62.20033692,,MPP,AMD Optimized 3rd Generation EPYC 64C 2GHz,AMD Zen-3 (Milan),2000,HPE Cray OS,Linux,AMD Instinct MI250X,64,AMD Zen-3 (Milan),HPE Cray EX235a,HPE Cray EX,Gigabit Ethernet,Slingshot-11,North America,48553,180053
117,97.0,60,33,Pégaso,"Supermicro A+ Server 4124GO-NART+, AMD EPYC 7513 32C 2.6GHz, NVIDIA A100, Infiniband HDR",Petróleo Brasileiro S.A,Bull,Brazil,2022,Industry,233856,217728.0,19070.0,41995.7,4428288.0,,,1033.0,Submitted,18.4607938,,Cluster,AMD EPYC 7513 32C 2.6GHz,AMD Zen-3 (Milan),2600,CentOS,Linux,NVIDIA A100,32,AMD Zen-3 (Milan),Supermicro A+ Server 4124GO-NART+,Supermicro Cluster,Infiniband,Infiniband HDR,South America,49587,180127
118,98.0,64,71,Kestrel GPU,"HPE Cray XD665, AMD EPYC 9554 64C 3.1GHz, NVIDIA H100 80GB, Slingshot-11, RHEL 6.8",National Renewable Energy Laboratory,HPE,United States,2024,Research,83968,67584.0,18400.0,34354.79,2228224.0,1566720.0,,,,,,Cluster,AMD EPYC 9554 64C 3.1GHz,AMD Zen-4 (Genoa),3100,RHEL 6.8,Linux,NVIDIA H100 80GB,64,AMD Zen-4 (Genoa),HPE Cray XD665,HPE Cray XD,Gigabit Ethernet,Slingshot-11,North America,48481,180345
120,101.0,57,24,Guru,"ThinkSystem SD650 V2, Xeon Platinum 8368Q 38C 2.6GHz, Infiniband HDR",Korea Meteorological Administration,Lenovo,South Korea,2021,Government,306432,,18002.8,25495.14,8239104.0,,,3296.0,Submitted,5.462014563,,Cluster,Xeon Platinum 8368Q 38C 2.6GHz,Intel Ice Lake,2600,Linux,Linux,None,38,Xeon Platinum 83xx (Ice Lake),ThinkSystem SD650 V2,Lenovo ThinkSystem,Infiniband,Infiniband HDR,Asia,50890,179912
121,102.0,58,28,Maru,"ThinkSystem SD650 V2, Xeon Platinum 8368Q 38C 2.6GHz, Infiniband HDR",Korea Meteorological Administration,Lenovo,South Korea,2021,Government,306432,,18002.8,25495.14,8239104.0,,,3296.0,Submitted,5.462014563,,Cluster,Xeon Platinum 8368Q 38C 2.6GHz,Intel Ice Lake,2600,Linux,Linux,None,38,Xeon Platinum 83xx (Ice Lake),ThinkSystem SD650-N V2,Lenovo ThinkSystem,Infiniband,Infiniband HDR,Asia,50890,180023
122,103.0,66,103,AI-Farabium,"Supermicro SYS-821GE-TNHR, Xeon Platinum 8558 48C 2.1GHz, NVIDIA H200 SXM5 141 GB, ConnectX-7 400G Infiniband NDR, Ubuntu 22.04.4 LTS","JSC ""Kazakhtelecom""",Supermicro,Kazakhstan,2025,Industry,57600,52800.0,17930.0,26840.32,2536448.0,,,,,,,Cluster,Xeon Platinum 8558 48C 2.1GHz,Intel Emerald Rapids,2100,Ubuntu 22.04.4 LTS,Linux,NVIDIA H200 SXM5 141 GB,48,Xeon Platinum 85xx,Supermicro SYS-821GE-TNHR,Supermicro SuperServer,Infiniband,ConnectX-7 400G Infiniband NDR,Asia,51095,180440
123,104.0,53,11,PANGEA III,"IBM Power System AC922, IBM POWER9 18C 3.45GHz, Dual-rail Mellanox EDR Infiniband, NVIDIA Volta GV100",Total Exploration Production,IBM,France,2019,Industry,291024,270720.0,17860.0,25025.81,5760000.0,,,1367.0,Submitted,13.06510607,,Cluster,IBM POWER9 18C 3.45GHz,Power,3450,RHEL 7.6,Linux,NVIDIA Volta GV100,18,IBM POWER9,IBM Power System AC922, IBM Power Systems,Infiniband,Dual-rail Mellanox EDR Infiniband,Europe,49546,179689
124,105.0,66,105,OpenCanvas GPUaaS SP1,"NVIDIA DGX B200, Xeon Platinum 8570 56C 2.1GHz, NVIDIA B200 SXM 180GB, Infiniband NDR400, Ubuntu 20.04.2 LTS",NTT DATA Japan Corp.,Nvidia,Japan,2025,Industry,81648,74592.0,17530.0,19235.56,3440640.0,,527.653,,,,,Cluster,Xeon Platinum 8570 56C 2.1GHz,Intel Emerald Rapids,2100,Ubuntu 24.04.2 LTS,Linux,NVIDIA B200 SXM 180GB,56,Xeon Platinum 85xx (Emerald Rapids),NVIDIA DGX B200,NVIDIA DGX,Infiniband,Infiniband NDR400,Asia,51103,180434
128,109.0,56,19,TOKI-SORA,"PRIMEHPC FX1000, A64FX 48C 2.2GHz, Tofu interconnect D",Japan Aerospace eXploration Agency,Fujitsu,Japan,2020,Research,276480,,16592.0,19464.2,4208640.0,,614.224,,,,,Cluster,A64FX 48C 2.2GHz,Fujitsu ARM,2200,Red Hat Enterprise Linux,Linux,None,48,Fujitsu A64FX,PRIMEHPC FX1000,Fujitsu PRIMEHPC,Proprietary Network,Tofu interconnect D,Asia,50187,179895
129,110.0,57,29,Pioneer-WUS2,"NDv4 cluster, AMD EPYC 7V12 48C 2.45GHz, NVIDIA A100, Infiniband HDR",Microsoft Azure,Microsoft Azure,United States,2021,Others,157440,141696.0,16590.0,24557.23,2621376.0,,455.5562,,,,,Cluster,AMD EPYC 7V12 48C 2.45GHz,AMD Zen-2 (Rome),2450,Ubuntu 16.04.3 LTS,Linux,NVIDIA A100,48,AMD Zen-2 (Rome),NDv4 cluster,Microsoft Azure Cluster,Infiniband,Infiniband HDR,North America,50889,179967
130,111.0,57,28,Pioneer-WEU,"NDv4 cluster, AMD EPYC 7V12 48C 2.45GHz, NVIDIA A100, Infiniband HDR",Microsoft Azure,Microsoft Azure,Netherlands,2021,Vendor,157440,141696.0,16590.0,24557.23,2621376.0,,455.5562,,,,,Cluster,AMD EPYC 7V12 48C 2.45GHz,AMD Zen-2 (Rome),2450,Ubuntu 16.04.3 LTS,Linux,NVIDIA A100,48,AMD Zen-2 (Rome),NDv4 cluster,Microsoft Azure Cluster,Infiniband,Infiniband HDR,Europe,50868,179968
131,112.0,57,26,Pioneer-EUS,"NDv4 cluster, AMD EPYC 7V12 48C 2.45GHz, NVIDIA A100, Infiniband HDR",Microsoft Azure,Microsoft Azure,United States,2020,Vendor,157440,141696.0,16590.0,24557.23,2621376.0,,455.5562,,,,,Cluster,AMD EPYC 7V12 48C 2.45GHz,AMD Zen-2 (Rome),2450,Ubuntu 16.04.3 LTS,Linux,NVIDIA A100,48,AMD Zen-2 (Rome),NDv4 cluster,Microsoft Azure Cluster,Infiniband,Infiniband HDR,North America,50871,179969
132,113.0,57,27,Pioneer-SCUS,"NDv4 cluster, AMD EPYC 7V12 48C 2.45GHz, NVIDIA A100, Infiniband HDR",Microsoft Azure,Microsoft Azure,United States,2021,Vendor,157440,141696.0,16590.0,24557.23,2621376.0,,455.5562,,,,,Cluster,AMD EPYC 7V12 48C 2.45GHz,AMD Zen-2 (Rome),2450,Ubuntu 16.04.3 LTS,Linux,NVIDIA A100,48,AMD Zen-2 (Rome),NDv4 cluster,Microsoft Azure Cluster,Infiniband,Infiniband HDR,North America,50870,179970
134,115.0,58,36,Galushkin,"YANDEX Y4N-GA1-TY25-ZB0, AMD EPYC 7702 64C 2GHz, NVIDIA A100 80GB​, Infiniband",Yandex,"YANDEX, NVIDIA",Russia,2021,Industry,134912,117504.0,16020.0,20636.1,3321216.0,,,,,,,Cluster,AMD EPYC 7702 64C 2GHz,AMD Zen-2 (Rome),2000,Ubuntu 16.04,Linux,NVIDIA Tesla A100 80G,64,AMD Zen-2 (Rome),YANDEX Y4N-GA1-TY25-ZB0,YANDEX Cluster,Infiniband,Infiniband,Europe,50862,180037
135,116.0,66,116,Athena,"HPE Cray EX, AMD EPYC 9745 128C 2.4GHz, Slingshot-11, Tri-Lab Operating System ",NASA/Ames Research Center/NAS,HPE,United States,2025,Research,262144,,15983.0,20132.66,8404992.0,,,1291.19,Submitted,12.37850355,,MPP,AMD EPYC 9745 128C 2.4GHz,AMD Zen-5 (Turin),2400,Tri-Lab Operating System,Linux,None,128,AMD Zen-5 (Turin),HPE Cray EX,HPE Cray EX,Gigabit Ethernet,Slingshot-11,North America,48408,180406
136,117.0,63,70,kakaocloud,"SP7-2608WG Cluster, Xeon Platinum 8358 32C 2.6GHz, NVIDIA A100 80GB, Infiniband HDR200, Ubuntu 22.04.3 LTS",Kakao Enterprise,eSlim Korea,South Korea,2024,Industry,115072,107136.0,15940.0,17815.13,3096185.0,,,,,,,Cluster,Xeon Platinum 8358 32C 2.6GHz,Intel Ice Lake,2600,Ubuntu 22.04.3 LTS,Linux,NVIDIA A100 80GB,32,Xeon Platinum 83xx (Ice Lake),SP7-2608WG Cluster,eSlim Cluster,Infiniband,Infiniband HDR200,Asia,51009,180292
137,118.0,66,118,Plasma Simulator Subsystem B,"NEC LX 401Bax-3GA, AMD 4th Gen EPYC 24C 1.8GHz, AMD Instinct MI300A, Infiniband NDR200, Red Hat Enterprise Linux","Rokkasho Institute for Fusion Energy, National Institutes for Quantum Science and Technology",NEC,Japan,2025,Research,70560,63840.0,15930.0,17164.0,2043648.0,,,269.0,Submitted,59.21933086,,Cluster,AMD 4th Gen EPYC 24C 1.8GHz,AMD Zen-4 (Genoa),1800,Red Hat Enterprise Linux,Linux,AMD Instinct MI300A,24,AMD Zen-4 (Genoa),NEC LX 401Bax-3GA,NEC Cluster,Infiniband,Infiniband NDR200,Asia,50767,180418
140,121.0,63,72,Virga,"PowerEdge XE9640, Xeon Platinum 8452Y 36C 2GHz, Nvidia H100 94Gb SXM5, Infiniband NDR",Commonwealth Scientific and Industrial Research Organisation (CSIRO),DELL,Australia,2024,Government,60000,52800.0,14940.0,18460.8,2160000.0,,,,,,,Cluster,Xeon Platinum 8452Y 36C 2GHz,Intel Sapphire Rapids,2000,SUSE Linux,Linux,Nvidia H100 SXM5 94Gb,36,Xeon Platinum (Sapphire Rapids),PowerEdge XE9640,Dell PowerEdge Cluster,Infiniband,Infiniband NDR,Oceania,50320,180294
142,123.0,66,123,davinci-2,"HPE Cray XD670, Intel Xeon Platinum 8568Y+ 48C 2.3GHz, NVIDIA H200 SXM5 141 GB, Infiniband NDR400, Linux",Leonardo SpA,HPE,Italy,2025,Others,43776,40128.0,14210.0,20636.49,2324480.0,,,,,,,Cluster,Intel Xeon Platinum 8568Y+ 48C 2.3GHz,Intel Emerald Rapids,2300,Linux,Linux,NVIDIA H200 SXM5 141 GB,48,Xeon Platinum 85xx,HPE Cray XD670,HPE Cray XD,Infiniband,Infiniband NDR400,Europe,50840,180443
143,124.0,64,90,ASPIRE 2A+,"NVIDIA DGX H100, Xeon Platinum 8480C 56C 2GHz, NVIDIA H100 SXM5 80GB, Infiniband NDR, Ubuntu 22.04",National Supercomputing Centre Singapore,Nvidia,Singapore,2024,Research,46720,42240.0,14200.0,21726.72,1707776.0,,,,,,,Cluster,Xeon Platinum 8480C 56C 2GHz,Intel Sapphire Rapids,2000,Ubuntu 22.04,Linux,NVIDIA H100 SXM5 80GB,56,Xeon Platinum (Sapphire Rapids),NVIDIA DGX H100,NVIDIA DGX,Infiniband,Infiniband NDR,Asia,50631,180325
144,126.0,51,11,Nurion,"Cray CS500, Intel Xeon Phi 7250 68C 1.4GHz, Intel Omni-Path",Korea Institute of Science and Technology Information,HPE,South Korea,2018,Research,570020,,13929.3,25705.9,10076976.0,,391.453,,,,,Cluster,Intel Xeon Phi 7250 68C 1.4GHz,Intel Xeon Phi,1400,CentOS,Linux,None,68,Intel Xeon Phi,Cray CS500,Cray CS,Omnipath,Intel Omni-Path,Asia,50770,179421
146,127.0,64,92,THE CRUST 2.5,"HPE Cray XD665, AMD EPYC 9354 32C 3.25GHz, Nvidia H100 SXM5 94Gb, Infiniband NDR400, RHEL 8.9",PTT Exploration and Production Public Company Limited,HPE,Thailand,2024,Industry,47360,42240.0,13850.0,21676.8,1918976.0,,,,,,,Cluster,AMD EPYC 9354 32C 3.25GHz,AMD Zen-4 (Genoa),3250,RHEL 8.9,Linux,Nvidia H100 SXM5 94Gb,32,AMD Zen-4 (Genoa),HPE Cray XD665,HPE Cray XD,Infiniband,Infiniband NDR400,Asia,51049,180321
148,129.0,64,94,Snellius Phase 3 GPU,"ThinkSystem SD665-N V3, AMD EPYC 9334 32C 2.7GHz, Nvidia H100 SXM5 94Gb, Infiniband HDR200, RHEL 9.2",SURF,Lenovo,Netherlands,2024,Research,52096,46464.0,13640.0,21661.0,1879040.0,,116.369,295.67,Submitted,46.1325126,,Cluster,AMD EPYC 9334 32C 2.7GHz,AMD Zen-4 (Genoa),2700,RHEL 9.2,Linux,Nvidia H100 SXM5 94Gb,32,AMD Zen-4 (Genoa),ThinkSystem SD665-N V3,Lenovo ThinkSystem,Infiniband,Infiniband HDR200,Europe,50900,180316
149,130.0,65,113,,"SX-Aurora TSUBASA C401-8, Vector Engine Type 30A 1.6Ghz (16C), Infiniband NDR200, VEOS",Deutscher Wetterdienst,NEC,Germany,2025,Research,54400,,13584.0,16429.4,6006336.0,,754.452,1692.1,Submitted,8.027894332,,Cluster,Vector Engine Type10AE 8C 1.58GHz,NEC Vector Engine,1584,VEOS,Linux,None,8,Vector Engine,SX-Aurora TSUBASA A412-8,SX-Aurora TSUBASA,Infiniband,Infiniband HDR,Europe,47712,180392
151,132.0,61,50,,"PRIMEHPC FX1000, A64FX 48C 2.2GHz, Tofu interconnect D",Japan Meteorological Agency,Fujitsu,Japan,2022,Research,221184,,13367.0,15571.35,3809280.0,,461.312,904.72,Submitted,14.77473694,,Cluster,A64FX 48C 2.2GHz,Fujitsu ARM,2200,Red Hat Enterprise Linux,Linux,None,48,Fujitsu A64FX,PRIMEHPC FX1000,Fujitsu PRIMEHPC,Proprietary Network,Tofu interconnect D,Asia,48169,180168
152,133.0,61,51,,"PRIMEHPC FX1000, A64FX 48C 2.2GHz, Tofu interconnect D",Japan Meteorological Agency,Fujitsu,Japan,2022,Research,221184,,13367.0,15571.35,3809280.0,,461.312,904.72,Submitted,14.77473694,,Cluster,A64FX 48C 2.2GHz,Fujitsu ARM,2200,Red Hat Enterprise Linux,Linux,None,48,Fujitsu A64FX,PRIMEHPC FX1000,Fujitsu PRIMEHPC,Proprietary Network,Tofu interconnect D,Asia,48169,180169
155,135.0,65,118,Nano 5,"NVIDIA DGX H100, Xeon Platinum 8480+ 56C 2GHz, NVIDIA H100 SXM5 80GB, Infiniband NDR400, RHEL",National Center for High Performance Computing,ASUSTeK / ASUS Cloud / Taiwan Web Service Corporation,Taiwan,2025,Research,40880,36960.0,13060.0,19010.88,1589248.0,,,424.6,Submitted,30.75836081,,Cluster,Xeon Platinum 8480+ 56C 2GHz,Intel Sapphire Rapids,2000,RHEL,Linux,NVIDIA H200 SXM5 141 GB,56,Xeon Platinum (Sapphire Rapids),NVIDIA DGX H100,NVIDIA DGX,Infiniband,Infiniband NDR400,Asia,51068,180384
156,136.0,66,136,SAKURAONE CYB,"SuperServer B200, Intel Xeon 6960P 72C 2.7GHz, NVIDIA B200 SXM 180GB, Gigabit Ethernet, Rocky Linux 9.6",SAKURA Internet Inc. / Prunus Solutions Inc.,Supermicro,Japan,2025,Industry,63744,56832.0,13050.0,14805.2,2847744.0,,380.332,,,,,Cluster,Intel Xeon 6960P 72C 2.7GHz,Intel Granite Rapids,2700,Rocky Linux 9.6,Linux,NVIDIA B200 SXM 180GB,72,Intel Granite Rapids,SuperServer B200,Supermicro SuperServer,Gigabit Ethernet,Gigabit Ethernet,Asia,50809,180433
157,137.0,66,137,Moira,"Lenovo ThinkSystem SC750, Intel Xeon 6980P 128C 2GHz, Infiniband NDR, RHEL 9.4",Shared Services Canada,Lenovo,Canada,2025,Government,232960,,12909.2,14909.44,8064768.0,,,,,,,Cluster,Intel Xeon 6980P 128C 2GHz,Intel Granite Rapids,2000,RHEL 9.4,Linux,None,128,Intel Granite Rapids,Lenovo ThinkSystem SC750,Lenovo ThinkSystem,Infiniband,Infiniband NDR,North America,50719,180429
158,138.0,66,138,Conrad,"Lenovo ThinkSystem SC750, Intel Xeon 6980P 128C 2GHz, Infiniband NDR, RHEL 9.4",Shared Services Canada,Lenovo,Canada,2025,Government,232960,,12909.2,14909.44,8064768.0,,,,,,,Cluster,Intel Xeon 6980P 128C 2GHz,Intel Granite Rapids,2000,RHEL 9.4,Linux,None,128,Intel Granite Rapids,Lenovo ThinkSystem SC750,Lenovo ThinkSystem,Infiniband,Infiniband NDR,North America,50719,180430
160,139.0,64,97,NHN CLOUD GWANGJU AI,"PowerEdge XE9680, Xeon Platinum 8468 48C 2.1GHz, NVIDIA H100 80GB, Infiniband NDR, Ubuntu 22.04.3 LTS",NHN CLOUD Corporation,DELL,South Korea,2023,Industry,43776,40128.0,12840.0,20582.75,1703936.0,,,,,,,Cluster,Xeon Platinum 8468 48C 2.1GHz,Intel Sapphire Rapids,2100,Ubuntu 22.04.3 LTS,Linux,NVIDIA H100 80GB,48,Xeon Platinum (Sapphire Rapids),Dell PowerEdge XE9680,Dell PowerEdge Cluster,Infiniband,Infiniband NDR,Asia,51028,180341
161,140.0,58,40,Lyapunov,"Inspur NF5488A5, AMD EPYC 7662 64C 2GHz, NVIDIA A100 40GB, Infiniband",Yandex,"NVIDIA, Inspur",Russia,2020,Industry,130944,114048.0,12810.0,20029.19,2315808.0,,,,,,,Cluster,AMD EPYC 7662 64C 2GHz,AMD Zen-2 (Rome),2000,Ubuntu 16.04,Linux,NVIDIA Tesla A100 40G,64,AMD Zen-2 (Rome),Inspur NF5488A5,Inspur Cluster,Infiniband,Infiniband,Europe,50862,180030
165,145.0,64,227,ARF ACC,"ThinkSystem SD650-N V3, Xeon Gold 6548Y+ 32C 2.5GHz, NVIDIA H100/H200, Infiniband NDR200, Rocky Linux 9.4",TRUBA,Lenovo,Turkey,2024,Government,26496,22080.0,12094.32,18817.68,1732608.0,,134.902,238.87,Submitted,50.63138946,,Cluster,Xeon Gold 6548Y+ 32C 2.5GHz,Intel Emerald Rapids,2500,Rocky Linux 9.4,Linux,NVIDIA H100/H200,32,Xeon Gold 65xx (Emerald Rapids),ThinkSystem SD650-N V3,Lenovo ThinkSystem,Infiniband,Infiniband NDR200,Asia,51003,180350
166,146.0,51,14,Tera-1000-2,"Bull Sequana X1000, Intel Xeon Phi 7250 68C 1.4GHz, Bull BXI 1.2",Commissariat a l'Energie Atomique (CEA),Bull,France,2017,Research,561408,,11965.5,23396.352,10321920.0,,333.762,3178.0,Submitted,3.765103839,,Cluster,Intel Xeon Phi 7250 68C 1.4GHz,Intel Xeon Phi,1400,bullx SCS,Linux,None,68,Intel Xeon Phi,BullSequana X1000,BullSequana,Custom Interconnect,Bull BXI 1.2,Europe,47593,179412
167,147.0,58,43,Christofari Neo,"NVIDIA DGX A100, AMD EPYC 7742 64C 2.25GHz, NVIDIA A100 80GB​, Infiniband",SberCloud,Nvidia,Russia,2021,Industry,98208,85536.0,11950.0,14908.61,2889216.0,,,,,,,Cluster,AMD EPYC 7742 64C 2.25GHz,AMD Zen-2 (Rome),2250,NVIDIA DGX OS 5,Linux,NVIDIA Tesla A100 80G,64,AMD Zen-2 (Rome),NVIDIA DGX A100,NVIDIA DGX,Infiniband,Infiniband,Europe,50820,180028
168,148.0,63,84,Carpenter,"HPE Cray EX, AMD EPYC 9654 96C 2.4GHz, Slingshot-11",ERDC DSRC,HPE,United States,2023,Research,276480,,11616.8,12474.78,7461120.0,,,1100.0,Submitted,10.56072727,,MPP,AMD EPYC 9654 96C 2.4GHz,AMD Zen-4 (Genoa),2400,HPE Cray OS,Linux,None,96,AMD Zen-4 (Genoa),HPE Cray EX,HPE Cray EX,Gigabit Ethernet,Slingshot-11,North America,47771,180280
169,149.0,62,67,Kestrel CPU,"HPE Cray EX, Xeon Platinum 8470Q 52C 2.1GHz, Slingshot-11",National Renewable Energy Laboratory,HPE,United States,2023,Research,212992,,11372.2,14313.06,6291456.0,,,,,,,MPP,Xeon Platinum 8470Q 52C 2.1GHz,Intel Sapphire Rapids,2100,RHEL 8.6,Linux,None,52,Xeon Platinum (Sapphire Rapids),HPE Cray EX,HPE Cray EX,Gigabit Ethernet,Slingshot-11,North America,48481,180219
170,150.0,64,106,NeXXt AI Factory,"NVIDIA DGX H100 P4387, Xeon Platinum 8480C 56C 3.8GHz, NVIDIA H100 80GB, Infiniband NDR400, Ubuntu 22.04.3 LTS",Fastweb S.p.A.,Nvidia,Italy,2024,Others,36208,32736.0,11300.0,17015.38,1460224.0,,,,,,,Cluster,Xeon Platinum 8480C 56C 3.8GHz,Intel Sapphire Rapids,3800,Ubuntu 22.04.3 LTS,Linux,NVIDIA H100 80GB,56,Xeon Platinum (Sapphire Rapids),NVIDIA DGX H100 P4387,NVIDIA DGX,Infiniband,Infiniband NDR400,Europe,51032,180351
171,151.0,64,107,DeepL Ceres,"NVIDIA DGX H100, Xeon Platinum 8480C 56C 2GHz, NVIDIA H100, NVIDIA Infiniband NDR, Ubuntu 22.04.3 LTS",DeepL Datacenter Sweden,Nvidia,Sweden,2023,Others,20480,16896.0,11300.0,16924.67,1507328.0,,,278.0,Submitted,40.64748201,,Cluster,Xeon Platinum 8480C 56C 2GHz,Intel Sapphire Rapids,2000,Ubuntu 22.04.3 LTS,Linux,NVIDIA H100,56,Xeon Platinum (Sapphire Rapids),NVIDIA DGX H100,NVIDIA DGX,Infiniband,NVIDIA Infiniband NDR,Europe,51035,180342
172,152.0,64,108,43,"HPE Cray XD670, Xeon Platinum 8480+ 56C 2GHz, NVIDIA H100 SXM5 80GB, Infiniband NDR, Rocky Linux 8.9",Hessian.AI,HPE,Germany,2024,Research,39712,35904.0,11270.0,14858.0,1566720.0,,,259.2,Submitted,43.47993827,,Cluster,Xeon Platinum 8480+ 56C 2GHz,Intel Sapphire Rapids,2000,Rocky Linux 8.9,Linux,NVIDIA H100 SXM5 80GB,56,Xeon Platinum (Sapphire Rapids),HPE Cray XD670,HPE Cray XD,Infiniband,Infiniband NDR,Europe,50966,180340
173,153.0,62,68,,"PRIMEHPC FX1000, A64FX 48C 2.2GHz, Tofu interconnect D",Central Weather Administration,Fujitsu,Taiwan,2023,Government,184320,,11164.0,12976.13,3502080.0,,,673.56,Submitted,16.57461845,,Cluster,A64FX 48C 2.2GHz,Fujitsu ARM,2200,Red Hat Enterprise Linux,Linux,None,48,Fujitsu A64FX,PRIMEHPC FX1000,Fujitsu PRIMEHPC,Proprietary Network,Tofu interconnect D,Asia,50991,180216
174,154.0,65,132,Cycloud ML Platform,"PowerEdge XE9680, Xeon Platinum 8480+ 56C 2GHz, NVIDIA H100, 400g Ethernet, Ubuntu 22.04.5 LTS","CyberAgent, Inc.",Nvidia,Japan,2025,Industry,37376,33792.0,10820.0,16967.2,1478656.0,689152.0,,,,,,Cluster,Xeon Platinum 8480+ 56C 2GHz,Intel Sapphire Rapids,2000,Ubuntu 22.04.5 LTS,Linux,NVIDIA H200,56,Xeon Platinum (Sapphire Rapids),Dell PowerEdge XE9680,Dell PowerEdge Cluster,Gigabit Ethernet,400g Ethernet,Asia,51075,180371
176,156.0,63,88,Opera Iceland KEF-1 SuperPOD,"NVIDIA DGX H100, Xeon Platinum 8480C 56C 3.8GHz, NVIDIA H100 80GB, Infiniband NDR400",Opera KEF-1,Nvidia,Iceland,2024,Industry,36208,32736.0,10530.0,17015.38,1504256.0,,,,,,,Cluster,Xeon Platinum 8480C 56C 3.8GHz,Intel Sapphire Rapids,3800,NVIDIA DGX OS 5,Linux,NVIDIA H100 80GB,56,Xeon Platinum (Sapphire Rapids),NVIDIA DGX H100,NVIDIA DGX,Infiniband,Infiniband NDR400,Europe,51006,180266
177,157.0,57,36,MeluXina - Accelerator Module,"BullSequana XH2000, AMD EPYC 7452 32C 2.35GHz, NVIDIA A100 40GB, Mellanox HDR InfiniBand/ParTec ParaStation ClusterSuite",LuxProvide,Bull,Luxembourg,2021,Research,99200,86400.0,10520.0,15288.0,2040192.0,,280.026,390.25,Submitted,26.9570788,,Cluster,AMD EPYC 7452 32C 2.35GHz,AMD Zen-2 (Rome),2350,RHEL compatible,Linux,NVIDIA Tesla A100 40G,32,AMD Zen-2 (Rome),BullSequana XH2000,BullSequana,Infiniband,Mellanox HDR InfiniBand/ParTec ParaStation ClusterSuite,Europe,50882,179932
178,158.0,66,158,Honhai Super AI Computing Center 2,"DGX GB200 Compute Tray, NVIDIA Grace 72C 3.1GHz, NVIDIA B200 180 GB, NVLink 5 & NDR 400 InfiniBand, NVIDIA DGX OS 5",HHSAICC1,Nvidia,Taiwan,2025,Industry,52992,42624.0,10460.0,12034.25,2359296.0,,,,,,,Cluster,NVIDIA Grace 72C 3.1GHz,NVIDIA Grace CPU,3100,NVIDIA DGX OS 5,Linux,NVIDIA B200 180 GB,72,NVIDIA Grace,DGX GB200 Compute Tray,NVIDIA DGX,Infiniband,NVLink 5 & NDR 400 InfiniBand,Asia,51040,180441
179,159.0,61,58,KT DGX SuperPOD,"NVIDIA DGX A100, AMD EPYC 7742 64C 2.25GHz, NVIDIA A100, Infiniband HDR",Korea Telecom,Nvidia,South Korea,2022,Industry,98208,85536.0,10380.0,14416.0,2009952.0,,,,,,,Cluster,AMD EPYC 7742 64C 2.25GHz,AMD Zen-2 (Rome),2250,Ubuntu 20.04.2 LTS,Linux,NVIDIA A100,64,AMD Zen-2 (Rome),NVIDIA DGX A100,NVIDIA DGX,Infiniband,Infiniband HDR,Asia,50961,180163
180,160.0,61,59,Derecho CPU partition,"HPE Cray EX, AMD EPYC 7763 64C 2.45GHz, Slingshot-11",National Center for Atmospheric Research (NCAR),HPE,United States,2023,Research,316416,,10324.0,12403.51,7987200.0,,,,,,,MPP,AMD EPYC 7763 64C 2.45GHz,AMD Zen-3 (Milan),2450,HPE Cray OS,Linux,None,64,AMD Zen-3 (Milan),HPE Cray EX,HPE Cray EX,Gigabit Ethernet,Slingshot-11,North America,48418,180166
181,161.0,65,139,Blueback CPU,"HPE Cray EX, AMD EPYC 9654 96C 2.4GHz, Slingshot-11, HPE Cray OS",Navy DSRC,HPE,United States,2024,Government,245760,,10295.2,11088.69,7207680.0,,,,,,,MPP,AMD EPYC 9654 96C 2.4GHz,AMD Zen-4 (Genoa),2400,HPE Cray OS,Linux,None,96,AMD Zen-4 (Genoa),HPE Cray EX,HPE Cray EX,Gigabit Ethernet,Slingshot-11,North America,50425,180394
183,163.0,58,68,Levante,"BullSequana XH2000, AMD EPYC 7763 64C 2.45GHz, InfiniBand HDR100",DKRZ - Deutsches Klimarechenzentrum,Bull,Germany,2022,Research,352000,,10111.0,13798.4,5280000.0,,,,,,,Cluster,AMD EPYC 7763 64C 2.45GHz,AMD Zen-3 (Milan),2450,Linux,Linux,None,64,AMD Zen-3 (Milan),BullSequana XH2000,BullSequana,Infiniband,InfiniBand HDR100,Europe,47642,180039
184,,67,184,ASPIRE 2B (CPU Partition),"HPE Cray EX4252 Gen 2, AMD EPYC 9655 96C 2.6GHz, Slingshot-11, RHEL 9.6",National Supercomputing Centre Singapore,HPE,Singapore,2026,Research,147456,,10092.0,12252.36,7952640.0,,,945.92,Submitted,10.66897835,,Cluster,AMD EPYC 9655 96C 2.6GHz,AMD Zen-5 (Turin),2600,RHEL 9.6,Linux,None,96,AMD Zen-5 (Turin),HPE Cray EX4252 Gen 2,HPE Cray EX,Gigabit Ethernet,Slingshot-11,Asia,50631,180468
185,164.0,64,37,GMO GPU Cloud,"PowerEdge XE9640, Xeon Platinum 8480L 56C 2GHz, NVIDIA Tesla GP100, NVIDIA Spectrum-X Ethernet, Ubuntu 22.04.4 LTS",GMO GPU Cloud,DELL,Japan,2024,Industry,35328,24576.0,10050.0,17357.82,2097152.0,,,186.78,Submitted,53.80661741,,Cluster,Xeon Platinum 8480L 56C 2GHz,Intel Sapphire Rapids,2000,Ubuntu 22.04.4 LTS,Linux,NVIDIA Tesla GP100,56,Xeon Platinum (Sapphire Rapids),PowerEdge XE9640,Dell PowerEdge Cluster,Ethernet,NVIDIA Spectrum-X Ethernet,Asia,51038,180339
186,165.0,64,116,SNL CTS-2 Hops,"PowerEdge XE8640, Xeon Platinum 8480+ 56C 2GHz, NVIDIA H100 SXM5 80GB, NVIDIA Infiniband NDR, Linux/TOSS",Sandia National Laboratories,DELL,United States,2024,Research,40960,33792.0,10030.0,17585.15,1583000.0,,62.0916,,,,,Cluster,Xeon Platinum 8480+ 56C 2GHz,Intel Sapphire Rapids,2000,Linux/TOSS,Linux,NVIDIA H100 SXM5 80GB,56,Xeon Platinum (Sapphire Rapids),PowerEdge XE8640,Dell PowerEdge Cluster,Infiniband,NVIDIA Infiniband NDR,North America,48748,180338
187,166.0,57,37,Cactus,"HPE Cray EX, AMD EPYC 7742 64C 2.25GHz, Slingshot-10",GDIT/NOAA/WCOSS,HPE,United States,2021,Government,327680,,10013.0,11796.48,8413184.0,,,,,,,MPP,AMD EPYC 7742 64C 2.25GHz,AMD Zen-2 (Rome),2250,HPE Cray OS,Linux,None,64,AMD Zen-2 (Rome),HPE Cray EX,HPE Cray EX,Gigabit Ethernet,Slingshot-10,North America,50879,179944
188,167.0,57,38,Dogwood,"HPE Cray EX, AMD EPYC 7742 64C 2.25GHz, Slingshot-10",GDIT/NOAA/WCOSS,HPE,United States,2020,Government,327680,,10013.0,11796.48,8413184.0,,,,,,,MPP,AMD EPYC 7742 64C 2.25GHz,AMD Zen-2 (Rome),2250,HPE Cray OS,Linux,None,64,AMD Zen-2 (Rome),HPE Cray EX,HPE Cray EX,Gigabit Ethernet,Slingshot-10,North America,50879,179945
189,168.0,57,39,Earth Simulator -SX-Aurora TSUBASA,"SX-Aurora TSUBASA B401-8, Vector Engine Type20B 8C 1.6GHz, Infiniband HDR200",Japan Agency for Marine-Earth Science and Technology,NEC,Japan,2021,Research,43776,,9990.7,13447.99,5571072.0,,747.8,1390.95,Submitted,7.182644955,,Cluster,Vector Engine Type20B 8C 1.6GHz,NEC Vector Engine,1600,VEOS,Linux,None,8,Vector Engine,SX-Aurora TSUBASA B401-8,SX-Aurora TSUBASA,Infiniband,Infiniband HDR200,Asia,49318,179927
190,169.0,57,40,Amazon EC2 Instance Cluster us-east-1a,"Amazon EC2 r5.24xlarge, Xeon Platinum 8260 24C 2.4GHz, 25G Ethernet",Descartes Labs,Amazon Web Services,United States,2019,Industry,172692,,9950.26,15106.52,7864320.0,,,,,,,Cluster,Xeon Platinum 8124M 18C 3GHz,Intel Skylake,3000,Amazon Linux 2,Linux,None,18,Xeon Platinum (Skylake),Amazon EC2 r5.24xlarge,Amazon EC2,Gigabit Ethernet,25G Ethernet,North America,50808,179974
194,172.0,57,41,NVIDIA Cambridge-1 DGX SuperPOD,"NVIDIA DGX A100, AMD EPYC 7742 64C 2.25GHz, NVIDIA A100 80GB​, Infiniband HDR",NVIDIA Corporation,Nvidia,United States,2021,Vendor,79360,69120.0,9682.0,12047.0,2515968.0,,251.0,,,,,Cluster,AMD EPYC 7742 64C 2.25GHz,AMD Zen-2 (Rome),2250,Ubuntu 20.04.1 LTS,Linux,NVIDIA Tesla A100 80G,64,AMD Zen-2 (Rome),NVIDIA DGX A100,NVIDIA DGX,Infiniband,Infiniband HDR,North America,48448,179960
195,173.0,62,86,SNL CTS-2 Stout,"PowerEdge C6220, Xeon Platinum 8480+ 56C 2GHz, Cornelis Networks Omni-Path, Linux/TOSS",Sandia National Laboratories,DELL,United States,2023,Research,170128,,9533.44,10888.19,6482580.0,,73.8694,1491.14,Submitted,6.393390292,,Cluster,Xeon Platinum 8480+ 56C 2GHz,Intel Sapphire Rapids,2000,Linux/TOSS,Linux,None,56,Xeon Platinum (Sapphire Rapids),PowerEdge C6220,Dell PowerEdge Cluster,Omnipath,Cornelis Networks Omni-Path,North America,48748,180233
196,174.0,63,98,SNL/NNSA CTS-2 Amber,"PowerEdge C6220, Xeon Platinum 8480+ 56C 2GHz, Cornelis Networks Omni-Path",Sandia National Laboratories,DELL,United States,2022,Research,169344,,9508.36,10838.02,6467626.0,,77.5344,,,,,Cluster,Xeon Platinum 8480+ 56C 2GHz,Intel Sapphire Rapids,2000,Linux/TOSS,Linux,None,56,Xeon Platinum (Sapphire Rapids),PowerEdge C6220,Dell PowerEdge Cluster,Omnipath,Cornelis Networks Omni-Path,North America,48748,180262
198,176.0,59,54,,"Apollo 6500, AMD  EPYC 7543 32C 2.8GHz, NVIDIA A100 SXM4 80 GB, Mellanox HDR Infiniband",Research Institute,HPE,Japan,2022,Research,72384,67392.0,9459.0,9669.3,2505216.0,,199.764,,,,,Cluster,AMD  EPYC 7543 32C 2.8GHz,AMD Zen-3 (Milan),2800,RHEL 8.4,Linux,NVIDIA A100 SXM4 80 GB,32,AMD Zen-3 (Milan),Apollo 6500,HPE Apollo,Infiniband,Mellanox HDR Infiniband,Asia,50923,180083
199,177.0,53,22,DGX SuperPOD,"NVIDIA DGX-2H, Xeon Platinum 8174 24C 3.1GHz, NVIDIA Tesla V100, Mellanox InfiniBand EDR",NVIDIA Corporation,Nvidia,United States,2020,Vendor,127488,122880.0,9444.0,11209.114,2519232.0,,199.196,,,,,Cluster,Xeon Platinum 8174 24C 3.1GHz,Intel Skylake,3100,Ubuntu 18.04.01,Linux,NVIDIA Tesla V100,24,Xeon Platinum (Skylake),NVIDIA DGX-2H Pod,NVIDIA DGX,Infiniband,Mellanox InfiniBand EDR,North America,48448,179691
200,178.0,57,43,JURECA Data Centric Module,"BullSequana XH2000, AMD EPYC 7742 64C 2.25GHz, NVIDIA A100 40GB, Mellanox HDR InfiniBand/ParTec ParaStation ClusterSuite",Forschungszentrum Juelich (FZJ),Bull,Germany,2021,Research,105840,81648.0,9330.0,14508.0,1928448.0,,273.784,384.1,Submitted,24.29054934,,Cluster,AMD EPYC 7742 64C 2.25GHz,AMD Zen-2 (Rome),2250,CentOS,Linux,NVIDIA Tesla A100 40G,64,AMD Zen-2 (Rome),BullSequana XH2000,BullSequana,Infiniband,Mellanox HDR InfiniBand/ParTec ParaStation ClusterSuite,Europe,47871,179947
202,180.0,65,156,,"SX-Aurora TSUBASA C401-8, Vector Engine Type 30A 1.6Ghz (16C), Infiniband NDR200, VEOS",Deutscher Wetterdienst,NEC,Germany,2025,Research,41920,,9204.2,12223.3,5181006.0,,585.754,1164.41,Submitted,7.904604048,,Cluster,Vector Engine Type10AE 8C 1.58GHz,NEC Vector Engine,1584,VEOS,Linux,None,8,Vector Engine,SX-Aurora TSUBASA A412-8,SX-Aurora TSUBASA,Infiniband,Infiniband HDR,Europe,47712,180393
204,182.0,57,72,Aitken,"HPE Apollo 9000/HPE SGI 8600, AMD EPYC 7742 64C 2.25GHz/Intel Xeon Gold 6248 20C 2.5GHz, Mellanox EDR/HDR Infiniband",NASA/Ames Research Center/NAS,HPE,United States,2022,Research,293936,,9070.0,12493.06,8229600.0,,172.375,2010.1,Submitted,4.512213323,,Cluster,AMD EPYC 7742 64C 2.25GHz,AMD Zen-2 (Rome),2250,Tri-Lab Operating System,Linux,None,64,AMD Zen-2 (Rome),Apollo 9000,HPE Apollo,Infiniband,Mellanox HDR Infiniband,North America,48408,179959
205,183.0,52,20,Taiwania 2,"QCT QuantaGrid D52G-4U/LC, Xeon Gold 6154 18C 3GHz, Mellanox InfiniBand EDR, NVIDIA Tesla V100 SXM2",National Center for High Performance Computing,Quanta Computer / Taiwan Fixed Network / ASUS Cloud,Taiwan,2018,Research,170352,161280.0,9000.0,15208.23,2862720.0,,,797.54,Submitted,11.28470045,,Cluster,Xeon Gold 6154 18C 3GHz,Intel Skylake,3000,CentOS,Linux,NVIDIA Tesla V100 SXM2,18,Xeon Gold (Skylake),QCT QuantaGrid D52G-4U/LC,QCT QuantaGrid,Infiniband,Mellanox InfiniBand EDR,Asia,48468,179590
206,184.0,57,46,Dragão,"Supermicro SYS-4029GP-TVRT, Xeon Gold 6230R 26C 2.1GHz, NVIDIA Tesla V100, Infiniband EDR",Petróleo Brasileiro S.A,Bull,Brazil,2021,Industry,188224,174080.0,8983.0,14006.48,2913408.0,,,943.12,Submitted,9.524768852,,Cluster,Xeon Gold 6230R 26C 2.1GHz,Intel Cascade lake,2100,CentOS Linux 7,Linux,NVIDIA Tesla V100,26,Xeon Gold 62xx (Cascade Lake),Supermicro SYS-4029GP-TVRT,Supermicro Cluster,Infiniband,Infiniband EDR,South America,49587,179941
210,187.0,57,47,Raven-GPU,"ThinkSystem SD650-N V2, Xeon Platinum 8360Y 36C 2.4GHz, NVIDIA A100, Mellanox HDR Infiniband",Max-Planck-Gesellschaft MPI/IPP,Lenovo,Germany,2021,Research,96768,82944.0,8620.0,16031.54,1959552.0,,,377.0,Submitted,22.86472149,,Cluster,Xeon Platinum 8360Y 36C 2.4GHz,Intel Ice Lake,2400,SUSE Linux Enterprise Server 15 SP2,Linux,NVIDIA A100,36,Xeon Platinum 83xx (Ice Lake),ThinkSystem SD650-N V2,Lenovo ThinkSystem,Infiniband,Mellanox HDR Infiniband,Europe,48331,179933
211,188.0,61,75,AIRAWAT - PSAI,"NVIDIA DGX A100, AMD EPYC 7742 64C 2.25GHz, NVIDIA A100, Infiniband HDR",Center for Development of Advanced Computing (C-DAC),Netweb Technologies,India,2023,Research,81344,70848.0,8500.0,13169.86,1597440.0,,,,,,,Cluster,AMD EPYC 7742 64C 2.25GHz,AMD Zen-2 (Rome),2250,Ubuntu 20.04.2 LTS,Linux,NVIDIA A100,64,AMD Zen-2 (Rome),NVIDIA DGX A100,NVIDIA DGX,Infiniband,Infiniband HDR,Asia,49466,180134
213,190.0,63,111,Tuwaiq-1,"PowerEdge XE8640, Intel Xeon Platinum 8462Y+ 32C 2.8GHz, NVIDIA HGX H100, Infiniband HDR",Saudi Aramco,DELL,Saudi Arabia,2024,Industry,61568,54912.0,8487.0,14173.44,1863936.0,1863936.0,,,,,,Cluster,Xeon Platinum 8462Y+ 32C 2.8GHz,Intel Sapphire Rapids,2800,RHEL,Linux,NVIDIA HGX H100,32,Xeon Platinum (Sapphire Rapids),PowerEdge XE8640,Dell PowerEdge Cluster,Infiniband,Infiniband HDR,Asia,48751,180260
215,192.0,63,112,C24,"HPE Cray EX, AMD EPYC 9654 96C 2.4GHz, Slingshot-11",Skoda Auto a.s.,HPE,Czechia,2023,Industry,196608,,8401.78,8870.95,6832128.0,,,,,,,MPP,AMD EPYC 9654 96C 2.4GHz,AMD Zen-4 (Genoa),2400,HPE Cray OS,Linux,None,96,AMD Zen-4 (Genoa),HPE Cray EX,HPE Cray EX,Gigabit Ethernet,Slingshot-11,Europe,51008,180277
216,193.0,66,193,SNL/NNSA CTS-2 Nitro,"PowerEdge C6220, Xeon Platinum 8480+ 56C 2GHz, Cornelis Networks Omni-Path, Linux/TOSS",Sandia National Laboratories,DELL,United States,2025,Research,148512,,8362.46,9504.77,5869204.0,,71.6852,,,,,Cluster,Xeon Platinum 8480+ 56C 2GHz,Intel Sapphire Rapids,2000,Linux/TOSS,Linux,None,56,Xeon Platinum (Sapphire Rapids),PowerEdge C6220,Dell PowerEdge Cluster,Omnipath,Cornelis Networks Omni-Path,North America,48748,180427
218,195.0,66,195,Lockhart TDS 56,"HPE Cray EX235a, AMD Optimized 3rd Generation EPYC 64C 2GHz, AMD Instinct MI250X, Slingshot-11, HPE Cray OS",AMD QTS Data Center,HPE,United States,2021,Vendor,52864,49280.0,8332.0,10752.0,1900544.0,,,,,,,MPP,AMD Optimized 3rd Generation EPYC 64C 2GHz,AMD Zen-3 (Milan),2000,HPE Cray OS,Linux,AMD Instinct MI250X,64,AMD Zen-3 (Milan),HPE Cray EX235a,HPE Cray EX,Gigabit Ethernet,Slingshot-11,North America,51083,180426
219,196.0,64,188,Arka,"BullSequana XH2000, AMD EPYC 7643 48C 2.3GHz, Infiniband HDR, Red Hat Enterprise Linux",Indian Institute of Tropical Meteorology,Bull,India,2024,Research,290016,,8281.88,10609.0,7182528.0,,,2016.9,Submitted,4.106242253,,Cluster,AMD EPYC 7643 48C 2.3GHz,AMD Zen-3 (Milan),2300,Red Hat Enterprise Linux,Linux,None,48,AMD Zen-3 (Milan),BullSequana XH2000,BullSequana,Infiniband,Infiniband HDR,Asia,50296,180328
220,197.0,64,140,CATT,"HPE Cray EX, AMD EPYC 9654 96C 2.4GHz, Slingshot-11, HPE Cray OS",ERDC DSRC,HPE,United States,2024,Research,196608,,8269.43,8870.95,6291456.0,,,,,,,MPP,AMD EPYC 9654 96C 2.4GHz,AMD Zen-4 (Genoa),2400,HPE Cray OS,Linux,None,96,AMD Zen-4 (Genoa),HPE Cray EX,HPE Cray EX,Gigabit Ethernet,Slingshot-11,North America,47771,180324
221,198.0,56,30,Taranis,"Bull Sequana XH2000 , AMD EPYC 7742 64C 2.25GHz, Mellanox InfiniBand HDR100",Meteo France,Bull,France,2020,Research,294912,,8191.03,10321.92,7741440.0,,,1672.0,Submitted,4.898941388,,Cluster,AMD EPYC 7742 64C 2.25GHz,AMD Zen-2 (Rome),2250,bullx SCS,Linux,None,64,AMD Zen-2 (Rome),BullSequana XH2000,BullSequana,Infiniband,InfiniBand HDR100,Europe,48356,179892
223,199.0,60,70,LANTA,"HPE Cray EX235n, AMD EPYC 7713 64C 2GHz, NVIDIA A100 40GB, Slingshot-11",NSTDA Supercomputer Center (ThaiSC),HPE,Thailand,2022,Research,87296,76032.0,8146.0,13773.06,1891488.0,,,310.46,Submitted,26.23848483,,MPP,AMD EPYC 7713 64C 2GHz,AMD Zen-3 (Milan),2000,HPE Cray OS,Linux,NVIDIA Tesla A100 40G,64,AMD Zen-3 (Milan),HPE Cray EX 235n,HPE Cray EX,Gigabit Ethernet,Slingshot-11,Asia,50937,180125
224,200.0,55,28,Roxy,"Apollo 2000, Xeon Gold 6248 20C 2.5GHz, Infiniband EDR",Government,HPE,United States,2020,Government,174720,,8124.48,13977.6,4744704.0,,,,,,,Cluster,Xeon Gold 6248 20C 2.5GHz,Intel Cascade lake,2500,CentOS Linux 7,Linux,None,20,Xeon Gold 62xx (Cascade Lake),Apollo 2000,HPE Apollo,Infiniband,Infiniband EDR,North America,50046,179849
226,202.0,57,53,Narwhal,"HPE Cray EX, AMD EPYC 7H12 64C 2.6GHz, Slingshot-10",Navy DSRC,HPE,United States,2020,Government,276480,,8023.6,11501.57,7705360.0,,,,,,,MPP,AMD EPYC 7H12 64C 2.6GHz,AMD Zen-2 (Rome),2600,SLES15 SP2,Linux,None,64,AMD Zen-2 (Rome),HPE Cray EX,HPE Cray EX,Gigabit Ethernet,Slingshot-10,North America,50425,179925
228,204.0,62,98,42,"Apollo 6500, AMD EPYC 7313 16C 3GHz, NVIDIA A100 SXM4 80 GB, Infiniband HDR",Hessian.AI,HPE,Germany,2023,Research,64512,62208.0,7938.0,8829.5,2211840.0,,,352.8,Submitted,22.5,,Cluster,AMD EPYC 7313 16C 3GHz,AMD Zen-3 (Milan),3000,RHEL 8.7,Linux,NVIDIA A100 SXM4 80 GB,16,AMD Zen-3 (Milan),Apollo 6500,HPE Apollo,Infiniband,Infiniband HDR,Europe,50966,180206
231,207.0,59,69,Underhill,"ThinkSystem SD650 V2, Xeon Platinum 8380 40C 2.3GHz, Infiniband HDR",Shared Services Canada,Lenovo,Canada,2022,Government,148320,,7764.57,10916.35,3745152.0,,,1294.72,Submitted,5.997103621,,Cluster,Xeon Platinum 8380 40C 2.3GHz,Intel Ice Lake,2300,Linux,Linux,None,40,Xeon Platinum 83xx (Ice Lake),ThinkSystem SD650 V2,Lenovo ThinkSystem,Infiniband,Infiniband HDR,North America,50719,180081
232,208.0,59,70,Robert,"ThinkSystem SD650-N V2, Xeon Platinum 8380 40C 2.3GHz, Infiniband HDR",Shared Services Canada,Lenovo,Canada,2022,Government,148320,,7764.57,10916.35,3745152.0,,,1294.72,Submitted,5.997103621,,Cluster,Xeon Platinum 8380 40C 2.3GHz,Intel Ice Lake,2300,Linux,Linux,None,40,Xeon Platinum 83xx (Ice Lake),ThinkSystem SD650 V2,Lenovo ThinkSystem,Infiniband,Infiniband HDR,North America,50719,180082
233,209.0,55,29,Belenos,"Bull Sequana XH2000 , AMD EPYC 7742 64C 2.25GHz, Mellanox HDR100",Meteo France,Bull,France,2020,Research,294912,,7683.36,10469.376,6843840.0,,,1655.0,Submitted,4.642513595,,Cluster,AMD EPYC 7742 64C 2.25GHz,AMD Zen-2 (Rome),2250,bullx SCS,Linux,None,64,AMD Zen-2 (Rome),BullSequana XH2000,BullSequana,Infiniband,InfiniBand HDR100,Europe,48356,179853
234,210.0,59,72,alpha ONE,"Apollo 6500, AMD EPYC 7F52 16C 3.5GHz, NVIDIA A100 SXM4 80 GB, Mellanox HDR Infiniband",Aleph Alpha,HPE,Germany,2022,Others,57344,55296.0,7625.0,7864.83,1990656.0,,,,,,,Cluster,AMD EPYC 7F52 16C 3.5GHz,AMD Zen-2 (Rome),3500,RHEL 8.5,Linux,NVIDIA A100 SXM4 80 GB,16,AMD Zen-2 (Rome),Apollo 6500,HPE Apollo,Infiniband,Mellanox HDR Infiniband,Europe,50926,180080
235,211.0,66,211,The F.I.N,"NVIDIA DGX B200, Xeon Platinum 8570 56C 2.1GHz, NVIDIA B200 180 GB, Infiniband NDR400, Ubuntu 24.04",Beyond.pl,Nvidia,Poland,2025,Industry,38880,35520.0,7568.0,9364.08,2197504.0,,,,,,,Cluster,Xeon Platinum 8570 56C 2.1GHz,Intel Emerald Rapids,2100,Ubuntu 24.04,Linux,NVIDIA B200 180 GB,56,Xeon Platinum 85xx (Emerald Rapids),NVIDIA DGX B200,NVIDIA DGX,Infiniband,Infiniband NDR400,Europe,51092,180431
236,212.0,53,26,PupMaya,"Apollo 2000, Xeon Gold 6148 20C 2.4GHz, Infiniband EDR",Government,HPE,United States,2019,Government,169920,,7483.73,12902.4,4748928.0,,,,,,,Cluster,Xeon Gold 6148 20C 2.4GHz,Intel Skylake,2400,CentOS Linux 7,Linux,None,20,Xeon Gold (Skylake),Apollo 2000,HPE Apollo,Infiniband,Infiniband EDR,North America,50798,179604
237,,67,237,,"PowerEdge XE9640, Xeon Platinum 8570 56C 2.1GHz, NVIDIA B200 180 GB, 400g Ethernet, Ubuntu 24.04 LTS",Elice Inc.,DELL,South Korea,2026,Industry,38880,35520.0,7469.0,9105.79,2187264.0,,,,,,,Cluster,Xeon Platinum 8570 56C 2.1GHz,Intel Emerald Rapids,2100,Ubuntu 24.04 LTS,Linux,NVIDIA B200 180 GB,56,Xeon Platinum 85xx (Emerald Rapids),PowerEdge XE9640,Dell PowerEdge Cluster,Gigabit Ethernet,400g Ethernet,Asia,51119,180460
239,214.0,64,156,Nscale Svartisen,"Supermicro AS-4124GQ-TNMI, AMD EPYC 7713 64C 3.7GHz, AMD Instinct MI250X, Ethernet, 4x 200Gb/s, Rocky Linux 8.9",Nscale Glomfjord DC,Nscale,Norway,2024,Industry,66528,58080.0,7400.7,12380.12,2062032.0,,,,,,,Cluster,AMD EPYC 7713 64C 3.7GHz,AMD Zen-3 (Milan),3700,Rocky Linux 8.9,Linux,AMD Instinct MI250X,64,AMD Zen-3 (Milan),Supermicro AS-4124GQ-TNMI,Supermicro Cluster,Ethernet,"Ethernet, 4x 200Gb/s",Europe,51033,180343
241,216.0,54,26,Artemis,"NVIDIA DGX-2, Xeon Platinum 8168 24C 2.7GHz, Infiniband EDR, NVIDIA Tesla V100",Group 42,Nvidia,United Arab Emirates,2019,Industry,107568,103680.0,7257.0,9492.163,2304000.0,,,673.0,Submitted,10.78306092,,Cluster,Xeon Platinum 8168 24C 2.7GHz,Intel Skylake,2700,Ubuntu,Linux,NVIDIA Tesla V100,24,Xeon Platinum (Skylake),NVIDIA DGX-2,NVIDIA DGX,Infiniband,Infiniband EDR,Asia,50813,179803
242,217.0,62,128,LLNL/NNSA CTS-2 Bengal,"DELL PowerEdge C6620, Xeon Platinum 8480+ 56C 2GHz, Cornelis Networks Omni-Path, Linux/TOSS",Lawrence Livermore National Laboratory,DELL,United States,2023,Research,107520,,7196.63,8085.5,5197824.0,,,,,,,Cluster,Xeon Platinum 8480+ 56C 2GHz,Intel Sapphire Rapids,2000,Linux/TOSS,Linux,None,56,Xeon Platinum (Sapphire Rapids),DELL PowerEdge C6620,Dell PowerEdge Cluster,Omnipath,Cornelis Networks Omni-Path,North America,48247,180231
243,218.0,65,188,SNL CTS-2 Mead,"PowerEdge C6220, Xeon Platinum 8480+ 56C 2GHz, Cornelis Networks Omni-Path, Linux/TOSS",Sandia National Laboratories,DELL,United States,2025,Research,123648,,7056.58,7913.47,5355400.0,,59.1718,,,,,Cluster,Xeon Platinum 8480+ 56C 2GHz,Intel Sapphire Rapids,2000,Linux/TOSS,Linux,None,56,Xeon Platinum (Sapphire Rapids),PowerEdge C6220,Dell PowerEdge Cluster,Omnipath,Cornelis Networks Omni-Path,North America,48748,180389
244,219.0,62,107,LLNL CTS-2 Dane,"DELL PowerEdge C6620, Xeon Platinum 8480+ 56C 2GHz, Cornelis Networks Omni-Path",Lawrence Livermore National Laboratory,DELL,United States,2023,Research,123648,,7041.0,7913.0,5087232.0,,,,,,,Cluster,Xeon Platinum 8480+ 56C 2GHz,Intel Sapphire Rapids,2000,Linux/TOSS,Linux,None,56,Xeon Platinum (Sapphire Rapids),DELL PowerEdge C6620,Dell PowerEdge Cluster,Omnipath,Cornelis Networks Omni-Path,North America,48247,180228
245,,67,245,PARAM Rudra-104,"C-DAC Rudra-104 Server, Xeon Gold 6240R 24C 2.4GHz, NVIDIA A100, InfiniBand HDR100, Rocky Linux 9.6",Centre for Development of Advanced Computing (C-DAC),C-DAC,India,2026,Government,79200,64800.0,7027.0,10345.92,2355200.0,,,,,,,Cluster,Xeon Gold 6240R 24C 2.4GHz,Intel Cascade lake,2400,Rocky Linux 9.6,Linux,NVIDIA A100,24,Xeon Gold 42xx (Cascade Lake),C-DAC Rudra-104 Server,C-DAC Cluster,Infiniband,InfiniBand HDR100,Asia,51128,180481
246,220.0,54,59,JOLIOT-CURIE ROME,"Bull Sequana XH2000 , AMD Rome 7H12 64C 2.6GHz, Mellanox HDR100",CEA/TGCC-GENCI,Bull,France,2019,Research,197120,,6988.04,12039.3728,6792576.0,,,1436.0,Submitted,4.86632312,,Cluster,AMD Rome 7H12 64C 2.6GHz,AMD Zen-2 (Rome),2600,bullx SCS,Linux,None,64,AMD Zen-2 (Rome),BullSequana XH2000,BullSequana,Infiniband,InfiniBand HDR100,Europe,50414,179700
248,222.0,61,93,Gaia,"PowerEdge XE8545, AMD EPYC 74F3 24C 3.2GHz, NVIDIA A100, Infiniband",Petróleo Brasileiro S.A,DELL,Brazil,2023,Industry,84480,76032.0,6968.0,13728.0,2457600.0,,,574.0,Submitted,12.13937282,,Cluster,AMD EPYC 74F3 24C 3.2GHz,AMD Zen-3 (Milan),3200,RHEL 7.8,Linux,NVIDIA A100,24,AMD Zen-3 (Milan),PowerEdge XE8545,Dell PowerEdge Cluster,Infiniband,Infiniband,South America,50967,180173
250,225.0,66,225,Levante GPU extension,"BullSequana XH3000, GH Superchip 72C 3GHz, NVIDIA GH200 Superchip, Quad-Rail NVIDIA InfiniBand NDR200, RedHat Enterprise Linux",DKRZ - Deutsches Klimarechenzentrum,Bull,Germany,2025,Research,35904,23232.0,6747.0,8339.14,1890304.0,,,109.78,Submitted,61.4592822,,Cluster,GH Superchip 72C 3GHz,NVIDIA Grace CPU,3000,Red Hat Enterprise Linux,Linux,NVIDIA GH200 Superchip,72,NVIDIA Grace,BullSequana XH3000,EVIDEN BullSequana,Infiniband,Quad-Rail NVIDIA InfiniBand NDR200,Europe,47642,180410
252,227.0,62,114,HPCF-AD,"EVIDEN BullSequana XH2000, AMD EPYC 7742 64C 2.25GHz, Infiniband HDR200",ECMWF,Bull,Italy,2022,Research,245760,,6671.94,8847.36,5981760.0,,,1200.0,Submitted,5.55995,,Cluster,AMD EPYC 7742 64C 2.25GHz,AMD Zen-2 (Rome),2250,Linux,Linux,None,64,AMD Zen-2 (Rome),EVIDEN BullSequana XH2000,EVIDEN BullSequana,Infiniband,Infiniband HDR200,Europe,50993,180211
253,228.0,62,115,HPCF-AC,"EVIDEN BullSequana XH2000, AMD EPYC 7742 64C 2.25GHz, Infiniband HDR200",ECMWF,Bull,Italy,2022,Research,245760,,6671.94,8847.36,5981760.0,,,1200.0,Submitted,5.55995,,Cluster,AMD EPYC 7742 64C 2.25GHz,AMD Zen-2 (Rome),2250,Linux,Linux,None,64,AMD Zen-2 (Rome),EVIDEN BullSequana XH2000,EVIDEN BullSequana,Infiniband,Infiniband HDR200,Europe,50993,180212
254,229.0,62,116,HPCF-AB,"EVIDEN BullSequana XH2000, AMD EPYC 7742 64C 2.25GHz, Infiniband HDR200",ECMWF,Bull,Italy,2022,Research,245760,,6671.94,8847.36,5981760.0,,,1200.0,Submitted,5.55995,,Cluster,AMD EPYC 7742 64C 2.25GHz,AMD Zen-2 (Rome),2250,Linux,Linux,None,64,AMD Zen-2 (Rome),EVIDEN BullSequana XH2000,EVIDEN BullSequana,Infiniband,Infiniband HDR200,Europe,50993,180213
255,230.0,62,117,HPCF-AA,"EVIDEN BullSequana XH2000, AMD EPYC 7742 64C 2.25GHz, Infiniband HDR200",ECMWF,Bull,Italy,2022,Research,245760,,6671.94,8847.36,5981760.0,,,1200.0,Submitted,5.55995,,Cluster,AMD EPYC 7742 64C 2.25GHz,AMD Zen-2 (Rome),2250,Linux,Linux,None,64,AMD Zen-2 (Rome),EVIDEN BullSequana XH2000,EVIDEN BullSequana,Infiniband,Infiniband HDR200,Europe,50993,180214
256,231.0,54,29,Christofari,"NVIDIA DGX-2, Xeon Platinum 8168 24C 2.7GHz, Mellanox InfiniBand EDR, NVIDIA Tesla V100",SberCloud,Nvidia,Russia,2019,Industry,99600,96000.0,6669.0,8789.76,2208000.0,1169680.0,,,,,,Cluster,Xeon Platinum 8168 24C 2.7GHz,Intel Skylake,2700,Ubuntu 18.04.01,Linux,NVIDIA Tesla V100,24,Xeon Platinum (Skylake),NVIDIA DGX-2,NVIDIA DGX,Infiniband,Mellanox InfiniBand EDR,Europe,50820,179778
258,234.0,62,121,SPR-HBM,"Lenovo ThinkSystem SD650 V3, Xeon CPU Max 9480 56C 1.9GHz, Infiniband NDR",BP,Lenovo,United States,2023,Industry,119952,,6463.85,7293.08,6686592.0,,,1062.0,Submitted,6.086487759,,Cluster,Xeon CPU Max 9480 56C 1.9GHz,Intel Sapphire Rapids,1900,Linux,Linux,None,56,Intel Xeon Max,ThinkSystem SD650 V3,Lenovo ThinkSystem,Infiniband,Infiniband NDR,North America,50996,180201
260,236.0,49,30,ONYX,"Cray XC40, Xeon E5-2699v4  22C 2.2GHz, Aries interconnect",ERDC DSRC,HPE,United States,2017,Research,211816,,6316.03,7455.92,7001472.0,,,,,,,MPP,Xeon E5-2699v4  22C 2.2GHz,Intel Broadwell,2200,Cray Linux Environment,Linux,None,22,Intel Xeon E5 (Broadwell),Cray XC40,Cray XC,Custom Interconnect,Aries interconnect,North America,47771,179100
261,237.0,58,76,LUMI-C,"HPE Cray EX, AMD EPYC 7763 64C 2.45GHz, Slingshot-10",EuroHPC/CSC,HPE,Finland,2021,Research,194560,,6299.79,7626.75,6201599.0,,102.598,1215.53,Submitted,5.182751557,,MPP,AMD EPYC 7763 64C 2.45GHz,AMD Zen-3 (Milan),2450,HPE Cray OS,Linux,None,64,AMD Zen-3 (Milan),HPE Cray EX,HPE Cray EX,Gigabit Ethernet,Slingshot-10,Europe,50908,180045
263,239.0,62,125,DAIDC,"Apollo 6500, AMD EPYC 74F3 24C 3.2GHz, NVIDIA A100 SXM4 80 GB, Infiniband HDR",Government,HPE,South Korea,2023,Government,54720,51840.0,6183.0,7413.22,2224512.0,,,,,,,Cluster,AMD EPYC 74F3 24C 3.2GHz,AMD Zen-3 (Milan),3200,RHEL 8.6,Linux,NVIDIA A100 SXM4 80 GB,24,AMD Zen-3 (Milan),Apollo 6500,HPE Apollo,Infiniband,Infiniband HDR,Asia,50984,180220
264,240.0,51,23,JUWELS Module 1,"Bull Sequana X1000, Xeon Platinum 8168 24C 2.7GHz, Mellanox EDR InfiniBand/ParTec ParaStation ClusterSuite",Forschungszentrum Juelich (FZJ),Bull,Germany,2018,Research,114480,,6177.73,9891.072,4996992.0,,75.346,1361.0,Submitted,4.539110948,,Cluster,Xeon Platinum 8168 24C 2.7GHz,Intel Skylake,2700,CentOS,Linux,None,24,Xeon Platinum (Skylake),BullSequana X1000,BullSequana,Infiniband,Mellanox EDR InfiniBand/ParTec ParaStation ClusterSuite,Europe,47871,179424
265,241.0,56,45,,"HPE SGI 8600, Xeon Gold 6248R 24C 3GHz, NVIDIA Tesla V100 SXM2, Infiniband EDR",Japan Atomic Energy Agency(JAEA)/ National Institutes for Quantum and Radiological Science and Technology(QST),HPE,Japan,2020,Research,100096,87040.0,6162.0,8439.62,2128128.0,,130.231,,,,,Cluster,Xeon Gold 6248R 24C 3GHz,Intel Cascade lake,3000,RHEL 7.7,Linux,NVIDIA Tesla V100 SXM2,24,Xeon Gold 62xx (Cascade Lake),HPE SGI 8600,HPE SGI 8600,Infiniband,Infiniband EDR,Asia,50860,179896
266,242.0,64,182,Honhai Super AI Computing Center 1,"NVIDIA DGX H100, Xeon Platinum 8480C 56C 2GHz, NVIDIA H100 SXM5 80GB, Infiniband NDR400, RedHat Enterprise Linux",HHSAICC1,ASUSTeK / ASUS Cloud / Taiwan Web Service Corporation,Taiwan,2024,Industry,18688,16896.0,6123.0,8576.0,1056768.0,,,,,,,Cluster,Xeon Platinum 8480C 56C 2GHz,Intel Sapphire Rapids,2000,Red Hat Enterprise Linux,Linux,NVIDIA H100 SXM5 80GB,56,Xeon Platinum (Sapphire Rapids),NVIDIA DGX H100,NVIDIA DGX,Infiniband,Infiniband NDR400,Asia,51040,180320
269,246.0,65,216,Blueback GPU,"HPE Cray EX255a, AMD 4th Gen EPYC 24C 1.8GHz, AMD Instinct MI300A, Slingshot-11, HPE Cray OS",Navy DSRC,HPE,United States,2024,Government,32256,29184.0,6044.0,8024.47,1389312.0,,,,,,,MPP,AMD 4th Gen EPYC 24C 1.8GHz,AMD Zen-4 (Genoa),1800,HPE Cray OS,Linux,AMD Instinct MI300A,24,AMD Zen-4 (Genoa),HPE Cray EX255a,HPE Cray EX,Gigabit Ethernet,Slingshot-11,North America,50425,180395
270,247.0,66,247,DAIS,"ThinkSystem SR780a V3 Neptune, Intel Xeon Platinum 8568Y+ 48C 2.3GHz, NVIDIA HGX H200 141GB, Infiniband NDR, SLES15 SP6",Max-Planck-Gesellschaft MPI/IPP,Lenovo,Germany,2025,Research,19584,17952.0,6031.0,9219.6,1654784.0,,,,,,,Cluster,Intel Xeon Platinum 8568Y+ 48C 2.3GHz,Intel Emerald Rapids,2300,SLES15 SP6,Linux,NVIDIA HGX H200 141GB,48,Xeon Platinum 85xx,ThinkSystem SR780a V3 Neptune,Lenovo ThinkSystem,Infiniband,Infiniband NDR,Europe,48331,180442
274,251.0,64,189,Arunika,"BullSequana XH2000, AMD EPYC 7643 48C 2.3GHz, Infiniband HDR, Red Hat Enterprise Linux",National Centre for Medium Range Weather Forecasting,Bull,India,2024,Research,203040,,5937.17,7404.75,6000576.0,,,1235.8,Submitted,4.804312996,,Cluster,AMD EPYC 7643 48C 2.3GHz,AMD Zen-3 (Milan),2300,Red Hat Enterprise Linux,Linux,None,48,AMD Zen-3 (Milan),BullSequana XH2000,BullSequana,Infiniband,Infiniband HDR,Asia,50235,180327
276,253.0,54,37,Sawtooth,"HPE SGI 8600, Xeon Platinum 8268 24C 2.9GHz, Infiniband EDR/HDR",Idaho National Laboratory,HPE,United States,2019,Research,99792,,5780.62,9220.608,6532608.0,,,1432.0,Submitted,4.03674581,,Cluster,Xeon Platinum 8268 24C 2.9GHz,Intel Cascade lake,2900,RHEL 7.6,Linux,None,24,Xeon Platinum 82xx (Cascade Lake),HPE SGI 8600,HPE SGI 8600,Infiniband,Infiniband EDR/HDR,North America,47650,179708
277,,67,277,LLNL/NNSA CTS-2 Lynx,"DELL PowerEdge C6620, Xeon Platinum 8480+ 56C 2GHz, Cornelis Networks CN5000, Linux/TOSS",Lawrence Livermore National Laboratory,DELL,United States,2026,Research,100800,,5650.7,6451.2,6485084.0,,,986.45,Submitted,5.728318719,,Cluster,Xeon Platinum 8480+ 56C 2GHz,Intel Sapphire Rapids,2000,Linux/TOSS,Linux,None,56,Xeon Platinum (Sapphire Rapids),DELL PowerEdge C6620,Dell PowerEdge Cluster,Omnipath,Cornelis Networks CN5000,North America,48247,180461
279,254.0,62,139,,"PRIMEHPC FX1000, A64FX 48C 2.2GHz, Tofu interconnect D",Central Weather Administration,Fujitsu,Taiwan,2023,Government,92160,,5600.6,6488.06,2457600.0,,,350.47,Submitted,15.98025509,,Cluster,A64FX 48C 2.2GHz,Fujitsu ARM,2200,Red Hat Enterprise Linux,Linux,None,48,Fujitsu A64FX,PRIMEHPC FX1000,Fujitsu PRIMEHPC,Proprietary Network,Tofu interconnect D,Asia,50991,180215
282,257.0,66,257,Plasma Simulator Subsystem A,"NEC LX 204Bin-3, Intel Xeon 6980P 128C 2GHz, Infiniband NDR200, RHEL","Rokkasho Institute for Fusion Energy, National Institutes for Quantum Science and Technology",NEC,Japan,2025,Research,92160,,5450.93,5898.24,5448561.0,,,,,,,Cluster,Intel Xeon 6980P 128C 2GHz,Intel Granite Rapids,2000,RHEL,Linux,None,128,Intel Granite Rapids,NEC LX 204Bin-3,NEC Cluster,Infiniband,Infiniband NDR200,Asia,50767,180437
283,258.0,52,33,Electra,"HPE SGI 8600/SGI ICE-X, E5-2680V4/ Xeon Gold 6148 20C 2.4GHz, Infiniband EDR/FDR-56 IB",NASA/Ames Research Center/NAS,HPE,United States,2018,Research,124416,,5444.64,8316.518,6931200.0,,65.0,1685.73,Submitted,3.229841078,,Cluster,Xeon Gold 6148 20C 2.4GHz,Intel Skylake,2400,SLES12 SP2,Linux,None,20,Xeon Gold (Skylake),HPE SGI 8600,HPE SGI 8600,Infiniband,Infiniband EDR,North America,48408,179589
284,259.0,65,228,CRESCO8,"ThinkSystem SD650 V3, Xeon Platinum 8592+ 64C 1.9GHz, Infiniband NDR, RHEL 9.4",ENEA,Lenovo,Italy,2025,Research,97280,,5426.59,5914.62,6387456.0,,60.833,805.0,Submitted,6.74110559,,Cluster,Xeon Platinum 8592+ 64C 1.9GHz,Intel Emerald Rapids,1900,RHEL 9.4,Linux,None,64,Xeon Platinum 85xx,ThinkSystem SD650 V3,Lenovo ThinkSystem,Infiniband,Infiniband NDR,Europe,47796,180386
285,260.0,66,260,SELENA,"BullSequana XH3000, AMD EPYC 9354 32C 3.25GHz, Infiniband NDR200, Red Hat Enterprise Linux",EDF,Bull,France,2025,Industry,107904,,5420.1,5501.18,7617024.0,,,1155.92,Submitted,4.688992318,,Cluster,AMD EPYC 9354 32C 3.25GHz,AMD Zen-4 (Genoa),3250,Red Hat Enterprise Linux,Linux,None,32,AMD Zen-4 (Genoa),BullSequana XH3000,EVIDEN BullSequana,Infiniband,Infiniband NDR200,Europe,50679,180412
286,261.0,57,79,Raven,"ThinkSystem SD650 V2, Xeon Platinum 8360Y 36C 2.4GHz, InfiniBand HDR 100",Max-Planck-Gesellschaft MPI/IPP,Lenovo,Germany,2021,Research,114624,,5415.98,8803.12,4128768.0,,,,,,,Cluster,Xeon Platinum 8360Y 36C 2.4GHz,Intel Ice Lake,2400,SUSE Linux Enterprise Server 15 SP2,Linux,None,36,Xeon Platinum 83xx (Ice Lake),ThinkSystem SD650 V2,Lenovo ThinkSystem,Infiniband,InfiniBand HDR100,Europe,48331,179913
287,262.0,62,144,Snellius Phase 2 CPU,"ThinkSystem SD665 V3, AMD EPYC 9654 96C 2.4GHz, Infiniband NDR200",SURF,Lenovo,Netherlands,2023,Research,150912,,5404.2,5713.92,5658240.0,,78.9414,799.0,Submitted,6.763704631,,Cluster,AMD EPYC 9654 96C 2.4GHz,AMD Zen-4 (Genoa),2400,RHEL 8.6,Linux,None,96,AMD Zen-4 (Genoa),ThinkSystem SD665 V3,Lenovo ThinkSystem,Infiniband,Infiniband NDR200,Europe,50900,180230
288,263.0,59,123,rzVernal,"HPE Cray EX235a, AMD Optimized 3rd Generation EPYC 64C 2GHz, AMD Instinct MI250X, Slingshot-11",DOE/NNSA/LLNL,HPE,United States,2022,Research,35872,33440.0,5401.0,6917.82,1575936.0,,,,,,,MPP,AMD Optimized 3rd Generation EPYC 64C 2GHz,AMD Zen-3 (Milan),2000,TOSS 4 Linux,Linux,AMD Instinct MI250X,64,AMD Zen-3 (Milan),HPE Cray EX235a,HPE Cray EX,Gigabit Ethernet,Slingshot-11,North America,49763,180050
289,264.0,62,195,Clementina XXI,"ThinkSystem SD650-I V3, Xeon Max 9462 32C 2.7GHz, Infiniband NDR, Intel GPU Max 1550, RHEL",Servicio Meteorológico Nacional,Lenovo,Argentina,2023,Research,43008,37888.0,5390.15,12582.91,1869696.0,,,,,,,Cluster,Xeon Max 9462 32C 2.7GHz,Intel Sapphire Rapids,2700,Red Hat Enterprise Linux,Linux,Intel Data Center GPU Max 1550,32,Intel Xeon Max,ThinkSystem SD650-I V3,Lenovo ThinkSystem,Infiniband,Infiniband NDR,South America,50976,180203
291,266.0,65,234,WindRiver CTS-2,"PowerEdge C6220, Xeon Platinum 8480+ 56C 2GHz, Intel Omni-Path, Rocky Linux 8",Idaho National Laboratory,DELL,United States,2025,Research,94416,,5332.72,6042.62,5000000.0,,,893.4,Submitted,5.969017238,,Cluster,Xeon Platinum 8480+ 56C 2GHz,Intel Sapphire Rapids,2000,Rocky Linux 8,Linux,None,56,Xeon Platinum (Sapphire Rapids),PowerEdge C6220,Dell PowerEdge Cluster,Omnipath,Intel Omni-Path,North America,47650,180376
292,267.0,61,118,NA5,"Lenovo ThinkSystem SR665 V2, AMD EPYC 7763 64C 2.45GHz, 100G Ethernet",Software Company,Lenovo,United States,2023,Industry,268928,,5313.16,10541.98,9839200.0,,,,,,,Cluster,AMD EPYC 7763 64C 2.45GHz,AMD Zen-3 (Milan),2450,Linux,Linux,None,64,AMD Zen-3 (Milan),ThinkSystem SR665 V2,Lenovo ThinkSystem,Gigabit Ethernet,100G Ethernet,North America,50969,180152
293,268.0,62,148,NA5A,"Lenovo ThinkSystem SR665 V2, AMD EPYC 7763 64C 2.45GHz, 100G Ethernet",Software Company,Lenovo,United States,2023,Industry,268928,,5313.16,10541.98,9839200.0,,,,,,,Cluster,AMD EPYC 7763 64C 2.45GHz,AMD Zen-3 (Milan),2450,Linux,Linux,None,64,AMD Zen-3 (Milan),ThinkSystem SR665 V2,Lenovo ThinkSystem,Gigabit Ethernet,100G Ethernet,North America,50969,180186
298,,67,298,Nano4-b,"ASUS ESC NM2N721-E1, NVIDIA Grace 72C 3.1GHz, NVIDIA B200 180 GB, NVLink 5 & NDR 400 InfiniBand, RHEL",National Center for High Performance Computing,ASUSTeK / Taiwan AI Cloud / Taiwan Mobile,Taiwan,2025,Research,26496,21312.0,5165.0,5615.4,1757184.0,,,164.16,Submitted,31.46320663,,Cluster,NVIDIA Grace 72C 3.1GHz,NVIDIA Grace CPU,3100,RHEL,Linux,NVIDIA B200 180 GB,72,NVIDIA Grace,ASUS ESC NM2N721-E1,ASUSTeK Cluster,Infiniband,NVLink 5 & NDR 400 InfiniBand,Asia,48468,180479
301,275.0,63,174,Dhabi Supercomputer,"Apollo 6500, AMD EPYC 7763 64C 2.45GHz, NVIDIA A100 SXM4 80 GB, Infiniband HDR",Technology Innovation Institute (TII),HPE,United Arab Emirates,2023,Research,39680,34560.0,5094.0,5841.02,1720320.0,,85.946,138.94,Submitted,36.6633079,,Cluster,AMD EPYC 7763 64C 2.45GHz,AMD Zen-3 (Milan),2450,RHEL 8.7,Linux,NVIDIA A100 SXM4 80 GB,64,AMD Zen-3 (Milan),Apollo 6500,HPE Apollo,Infiniband,Infiniband HDR,Asia,51001,180293
303,276.0,58,198,Topaze-gpu,"BullSequana XH2000, AMD EPYC 7763 64C 2.45GHz, NVIDIA A100, Mellanox HDR Infiniband",Commissariat a l'Energie Atomique (CEA)/CCRT,Bull,France,2021,Research,42000,32400.0,5065.0,6226.32,1794048.0,,76.3419,,,,,Cluster,AMD EPYC 7763 64C 2.45GHz,AMD Zen-3 (Milan),2450,Linux,Linux,NVIDIA A100,64,AMD Zen-3 (Milan),BullSequana XH2000,BullSequana,Infiniband,Mellanox HDR Infiniband,Europe,50207,180015
307,280.0,62,155,,"HPE Cray XD6500, Xeon Platinum 8480+ 56C 2GHz, NVIDIA H100 SXM5 80 GB, Infiniband NDR",CUBOX,HPE,South Korea,2023,Research,17520,15840.0,4957.0,8136.48,1089536.0,,,,,,,Cluster,Xeon Platinum 8480+ 56C 2GHz,Intel Sapphire Rapids,2000,Ubuntu 22.04.3 LTS,Linux,NVIDIA H100 SXM5 80GB,56,Xeon Platinum (Sapphire Rapids),HPE Cray XD6500,HPE Cray XD,Infiniband,Infiniband NDR,Asia,50989,180218
308,281.0,57,84,BioHive-1,"NVIDIA DGX A100, AMD EPYC 7742 64C 2.25GHz, NVIDIA A100, Mellanox HDR Infiniband",Recursion,Nvidia,United States,2021,Industry,39680,34560.0,4902.0,5709.44,1811520.0,,,,,,,Cluster,AMD EPYC 7742 64C 2.25GHz,AMD Zen-2 (Rome),2250,Ubuntu 20.04.1 LTS,Linux,NVIDIA A100,64,AMD Zen-2 (Rome),NVIDIA DGX A100,NVIDIA DGX,Infiniband,Mellanox HDR Infiniband,North America,50874,179939
309,,67,309,Fran,"HPE Cray EX, AMD EPYC 9654 96C 2.4GHz, Slingshot-11, RHEL 9.6",Army Research Laboratory DoD Supercomputing Resource Center (ARL DSRC),HPE,United States,2025,Government,151680,,4871.2,6843.8,6021120.0,,,,,,,MPP,AMD EPYC 9654 96C 2.4GHz,AMD Zen-4 (Genoa),2400,RHEL 9.6,Linux,None,96,AMD Zen-4 (Genoa),HPE Cray EX,HPE Cray EX,Gigabit Ethernet,Slingshot-11,North America,50423,180459
310,283.0,63,181,Joule 3.0,"Gigabyte R283/R183/G593, AMD EPYC 9534 64C 2.45GHz, Infiniband",DOE/National Energy Technology Laboratory,Koi Computers,United States,2024,Research,107648,,4855.9,6107.13,6128640.0,,59.8,,,,,Cluster,AMD EPYC 9534 64C 2.45GHz,AMD Zen-4 (Genoa),2450,Linux,Linux,None,64,AMD Zen-4 (Genoa),Gigabyte R283/R183/G593,KOI Cluster,Infiniband,Infiniband,North America,50452,180241
313,287.0,61,130,Derecho GPU partition,"HPE Cray EX 235n, AMD EPYC 7763 64C 2.45GHz, NVIDIA A100 SXM4 40 GB, Slingshot-11",National Center for Atmospheric Research (NCAR),HPE,United States,2023,Research,39680,34560.0,4582.0,5044.54,1253376.0,,,169.03,Submitted,27.10761403,,MPP,AMD EPYC 7763 64C 2.45GHz,AMD Zen-3 (Milan),2450,HPE Cray OS,Linux,NVIDIA A100 SXM4 40 GB,64,AMD Zen-3 (Milan),HPE Cray EX 235n,HPE Cray EX,Gigabit Ethernet,Slingshot-11,North America,48418,180165
314,288.0,59,135,Tioga,"HPE Cray EX235a, AMD Optimized 3rd Generation EPYC 64C 2GHz, AMD Instinct MI250X, Slingshot-11",DOE/NNSA/LLNL,HPE,United States,2022,Research,30208,28160.0,4548.21,5825.54,,,,,,,,MPP,AMD Optimized 3rd Generation EPYC 64C 2GHz,AMD Zen-3 (Milan),2000,TOSS 4 Linux,Linux,AMD Instinct MI250X,64,AMD Zen-3 (Milan),HPE Cray EX235a,HPE Cray EX,Gigabit Ethernet,Slingshot-11,North America,49763,180052
315,,67,315,Peano,"HPE ProLiant Compute DL380a Gen12/SuperServer B200, Xeon 6710E 64C 2.4GHz/Xeon 6960P 72C 2.7GHz, NVIDIA H200 SXM5 141 GB/NVIDIA B200 SXM 180 GB, Infiniband NDR400, Ubuntu 24.04.4",The Italian Institute of Artificial Intelligence (AI4I),HPE,Italy,2026,Research,23776,20288.0,4526.0,7609.7,1603584.0,,82.6337,,,,,Cluster,Intel Xeon 6710E 64C 2.4GHz,Intel Sierra Forest,2400,Ubuntu 24.04.4,Linux,NVIDIA H200 SXM5 141 GB,64,Intel Sierra Forest,HPE ProLiant Compute DL380a Gen12,HPE Proliant,Infiniband,Infiniband NDR400,Europe,51129,180485
318,,67,318,PARAM Rudra-103,"C-DAC Rudra-103 Server, Xeon Gold 6240R 24C 2.4GHz, InfiniBand HDR100, Rocky Linux 9.6",Centre for Development of Advanced Computing (C-DAC),C-DAC,India,2026,Government,98304,,4475.32,7549.75,5448192.0,,,,,,,Cluster,Xeon Gold 6240R 24C 2.4GHz,Intel Cascade lake,2400,Rocky Linux 9.6,Linux,None,24,Xeon Gold 42xx (Cascade Lake),C-DAC Rudra-103 Server,C-DAC Cluster,Infiniband,InfiniBand HDR100,Asia,51128,180480
319,291.0,65,261,Space HPC,"HPE Cray XD670/XD665, EPYC 9454 / Xeon 8480L, NVIDIA H100 SXM5 80GB, Infiniband NDR200, RHEL 8.10",European Space Agency (ESRIN),HPE,Italy,2025,Research,16368,14256.0,4468.0,5422.5,1047552.0,,,105.97,Submitted,42.16287629,,Cluster,AMD EPYC 9454 48C 2.75GHz,AMD Zen-4 (Genoa),2750,RHEL 8.10,Linux,Nvidia H100 SXM5 94Gb,48,AMD Zen-4 (Genoa),HPE Cray XD670,HPE Cray XD,Infiniband,Infiniband NDR200,Europe,51080,180365
320,,67,320,digital.uz,"NVIDIA DGX B200, Xeon Platinum 8570 56C 2.1GHz, NVIDIA B200 180 GB, NVLink 5 & NDR 400 InfiniBand, DGX OS 7.4.0",Ministry of Digital Technologies of the Republic of Uzbekistan,Nvidia,Uzbekistan,2026,Government,20736,18944.0,4448.0,5180.21,1562624.0,,,,,,,Cluster,Xeon Platinum 8570 56C 2.1GHz,Intel Emerald Rapids,2100,DGX OS 7.4.0,Linux,NVIDIA B200 180 GB,56,Xeon Platinum 85xx (Emerald Rapids),NVIDIA DGX B200,NVIDIA DGX,Infiniband,NVLink 5 & NDR 400 InfiniBand,Asia,51144,180453
322,293.0,64,225,Unaizah-4,"PowerEdge XE8640, Intel Xeon Platinum 8462Y+ 32C 2.8GHz, NVIDIA HGX H100, Infiniband HDR, RHEL",Saudi Aramco,DELL,Saudi Arabia,2024,Industry,23680,21120.0,4424.0,10949.38,1179648.0,1179648.0,,,,,,Cluster,Xeon Platinum 8462Y+ 32C 2.8GHz,Intel Sapphire Rapids,2800,RHEL,Linux,NVIDIA HGX H100,32,Xeon Platinum (Sapphire Rapids),PowerEdge XE8640,Dell PowerEdge Cluster,Infiniband,Infiniband HDR,Asia,48751,180333
324,295.0,55,56,Atlas,"Bull 4029GP-TVRT, Xeon Gold 6240 18C 2.6GHz, NVIDIA Tesla V100, Infiniband EDR",Petróleo Brasileiro S.A,Bull,Brazil,2020,Industry,91936,87040.0,4376.0,8848.486,2081280.0,,,546.58,Submitted,8.006147316,,Cluster,Xeon Gold 6240 18C 2.6GHz,Intel Cascade lake,2600,CentOS,Linux,NVIDIA Tesla V100,18,Xeon Gold 62xx (Cascade Lake),Bull 4029GP-TVRT,Bull Cluster,Infiniband,Infiniband EDR,South America,49587,179854
326,297.0,52,38,Advanced Computing System(PreE),"Sugon TC8600, Hygon Dhyana  32C 2GHz, Deep Computing Processor, 200Gb 6D-Torus",Sugon,Sugon,China,2018,Vendor,163840,131072.0,4325.0,6134.1696,1876000.0,,,380.0,Submitted,11.38157895,,Cluster,Hygon Dhyana 32C 2GHz,X86_64,2000,CentOS,Linux,Deep Computing Processor,32,Hygon Dhyana,Sugon TC8600,Sugon Cluster,Gigabit Ethernet,200Gb 6D-Torus,Asia,50797,179593
327,298.0,56,67,CRONOS,"BullSequana X, Xeon Platinum 8260 24C 2.4GHz, Infiniband HDR",EDF,Bull,France,2020,Industry,81600,,4299.33,7136.87,6317568.0,,,1225.53,Submitted,3.508139336,,Cluster,Xeon Platinum 8260 24C 2.4GHz,Intel Cascade lake,2400,Linux,Linux,None,24,Xeon Platinum 82xx (Cascade Lake),BullSequana X,BullSequana,Infiniband,Infiniband HDR,Europe,50679,179899
328,299.0,66,299,Viper-CPU,"BullSequana XH3000, AMD EPYC 9554 64C 3.1GHz, Infiniband NDR200, RedHat Enterprise Linux",Max-Planck-Gesellschaft MPI/IPP,Bull,Germany,2025,Research,97920,,4292.8,4799.69,3870720.0,,,784.0,Submitted,5.475510204,,Cluster,AMD EPYC 9554 64C 3.1GHz,AMD Zen-4 (Genoa),3100,Red Hat Enterprise Linux,Linux,None,64,AMD Zen-4 (Genoa),BullSequana XH3000,EVIDEN BullSequana,Infiniband,Infiniband NDR200,Europe,48331,180413
329,300.0,56,69,SNL/NNSA CTS-1 Manzano,"Tundra Extreme Scale, Xeon Platinum 8268 24C 2.9GHz, Intel Omni-Path",Sandia National Laboratories,Penguin Computing,United States,2020,Research,71424,,4281.0,6628.15,5491968.0,5184000.0,40.2875,960.0,Submitted,4.459375,,Cluster,Xeon Platinum 8268 24C 2.9GHz,Intel Cascade lake,2900,Linux/TOSS,Linux,None,24,Xeon Platinum 82xx (Cascade Lake),Tundra Extreme Scale,Penguin Computing Cluster,Omnipath,Intel Omni-Path,North America,48748,179907
332,303.0,61,142,NA7A,"Lenovo ThinkSystem SR665 V2, AMD EPYC 7763 64C 2.45GHz, 100G Ethernet",Software Company,Lenovo,United States,2023,Industry,207872,,4229.11,8148.58,9118400.0,,,,,,,Cluster,AMD EPYC 7763 64C 2.45GHz,AMD Zen-3 (Milan),2450,Linux,Linux,None,64,AMD Zen-3 (Milan),ThinkSystem SR665 V2,Lenovo ThinkSystem,Gigabit Ethernet,100G Ethernet,North America,50969,180147
333,304.0,61,143,NA7,"Lenovo ThinkSystem SR665 V2, AMD EPYC 7763 64C 2.45GHz, 100G Ethernet",Software Company,Lenovo,United States,2023,Industry,207872,,4229.11,8148.58,9118400.0,,,,,,,Cluster,AMD EPYC 7763 64C 2.45GHz,AMD Zen-3 (Milan),2450,Linux,Linux,None,64,AMD Zen-3 (Milan),ThinkSystem SR665 V2,Lenovo ThinkSystem,Gigabit Ethernet,100G Ethernet,North America,50969,180150
334,305.0,61,144,NA2C,"Lenovo ThinkSystem SR650 V2, Xeon Platinum 8358 32C 2.6GHz, 100G Ethernet",Software Company,Lenovo,United States,2022,Industry,111936,,4228.14,9313.08,9463000.0,,,,,,,Cluster,Xeon Platinum 8358 32C 2.6GHz,Intel Ice Lake,2600,Linux,Linux,None,32,Xeon Platinum 83xx (Ice Lake),ThinkSystem SR650 V2,Lenovo ThinkSystem,Gigabit Ethernet,100G Ethernet,North America,50969,180154
335,306.0,61,145,NA2B,"Lenovo ThinkSystem SR650 V2, Xeon Platinum 8358 32C 2.6GHz, 100G Ethernet",Software Company,Lenovo,United States,2022,Industry,111936,,4228.14,9313.08,9463000.0,,,,,,,Cluster,Xeon Platinum 8358 32C 2.6GHz,Intel Ice Lake,2600,Linux,Linux,None,32,Xeon Platinum 83xx (Ice Lake),ThinkSystem SR650 V2,Lenovo ThinkSystem,Gigabit Ethernet,100G Ethernet,North America,50969,180156
336,307.0,61,146,NA2,"Lenovo ThinkSystem SR650 V2, Xeon Platinum 8358 32C 2.6GHz, 100G Ethernet",Software Company,Lenovo,United States,2023,Industry,111936,,4228.14,9313.08,9463000.0,,,,,,,Cluster,Xeon Platinum 8358 32C 2.6GHz,Intel Ice Lake,2600,Linux,Linux,None,32,Xeon Platinum 83xx (Ice Lake),ThinkSystem SR650 V2,Lenovo ThinkSystem,Gigabit Ethernet,100G Ethernet,North America,50969,180157
339,310.0,61,149,NA6B,"Lenovo ThinkSystem SR650 V2, Xeon Platinum 8358 32C 2.6GHz, 100G Ethernet",Software Company,Lenovo,United States,2023,Industry,111744,,4155.8,9297.1,9454800.0,,,,,,,Cluster,Xeon Platinum 8358 32C 2.6GHz,Intel Ice Lake,2600,Linux,Linux,None,32,Xeon Platinum 83xx (Ice Lake),ThinkSystem SR650 V2,Lenovo ThinkSystem,Gigabit Ethernet,100G Ethernet,North America,50969,180148
340,311.0,61,150,NA6A,"Lenovo ThinkSystem SR650 V2, Xeon Platinum 8358 32C 2.6GHz, 100G Ethernet",Software Company,Lenovo,United States,2023,Industry,111744,,4155.8,9297.1,9454800.0,,,,,,,Cluster,Xeon Platinum 8358 32C 2.6GHz,Intel Ice Lake,2600,Linux,Linux,None,32,Xeon Platinum 83xx (Ice Lake),ThinkSystem SR650 V2,Lenovo ThinkSystem,Gigabit Ethernet,100G Ethernet,North America,50969,180149
341,312.0,61,151,NA6,"Lenovo ThinkSystem SR650 V2, Xeon Platinum 8358 32C 2.6GHz, 100G Ethernet",Software Company,Lenovo,United States,2023,Industry,111744,,4155.8,9297.1,9454800.0,,,,,,,Cluster,Xeon Platinum 8358 32C 2.6GHz,Intel Ice Lake,2600,Linux,Linux,None,32,Xeon Platinum 83xx (Ice Lake),ThinkSystem SR650 V2,Lenovo ThinkSystem,Gigabit Ethernet,100G Ethernet,North America,50969,180151
342,313.0,53,46,,"Apollo 6500 XL270d Gen10, Xeon Gold 6140 18C 2.3GHz, Mellanox InfiniBand EDR, NVIDIA Tesla V100 SXM2",Research Institute,HPE,Japan,2019,Research,70416,66560.0,4128.0,5783.808,1843200.0,,94.291,,,,,Cluster,Xeon Gold 6140 18C 2.3GHz,Intel Skylake,2300,CentOS,Linux,NVIDIA Tesla V100 SXM2,18,Xeon Gold (Skylake),Apollo 6500 XL270d Gen10,HPE Apollo,Infiniband,Mellanox InfiniBand EDR,Asia,50810,179698
346,317.0,51,34,JOLIOT-CURIE SKL,"Bull Sequana X1000, Xeon Platinum 8168 24C 2.7GHz, Mellanox EDR",CEA/TGCC-GENCI,Bull,France,2017,Research,79488,,4065.55,6635.52,5861568.0,,52.684,917.0,Submitted,4.433533261,,Cluster,Xeon Platinum 8168 24C 2.7GHz,Intel Skylake,2700,bullx SCS,Linux,None,24,Xeon Platinum (Skylake),BullSequana X1000,BullSequana,Infiniband,Mellanox InfiniBand EDR,Europe,50414,179411
347,318.0,63,208,NA12A,"Lenovo ThinkSystem SR665 V2, AMD EPYC 7763 64C 2.45GHz, 100G Ethernet",Software Company,Lenovo,United States,2023,Industry,187648,,4052.16,7355.8,9118400.0,,,,,,,Cluster,AMD EPYC 7763 64C 2.45GHz,AMD Zen-3 (Milan),2450,Linux,Linux,None,64,AMD Zen-3 (Milan),ThinkSystem SR665 V2,Lenovo ThinkSystem,Gigabit Ethernet,100G Ethernet,North America,50969,180251
348,319.0,63,209,NA12,"Lenovo ThinkSystem SR665 V2, AMD EPYC 7763 64C 2.45GHz, 100G Ethernet",Software Company,Lenovo,United States,2023,Industry,187648,,4052.16,7355.8,9118400.0,,,,,,,Cluster,AMD EPYC 7763 64C 2.45GHz,AMD Zen-3 (Milan),2450,Linux,Linux,None,64,AMD Zen-3 (Milan),ThinkSystem SR665 V2,Lenovo ThinkSystem,Gigabit Ethernet,100G Ethernet,North America,50969,180252
349,321.0,58,115,Warhawk,"HPE Cray EX, AMD EPYC 7H12 64C 2.6GHz, Slingshot-10",Air Force Research Laboratory,HPE,United States,2021,Government,129920,,4033.5,5404.67,7470320.0,,,,,,,MPP,AMD EPYC 7H12 64C 2.6GHz,AMD Zen-2 (Rome),2600,SLES15 SP2,Linux,None,64,AMD Zen-2 (Rome),HPE Cray EX,HPE Cray EX,Gigabit Ethernet,Slingshot-10,North America,49284,180012
352,323.0,63,219,Deucalion,"PRIMEHPC FX700, Fujitsu A64FX 48C 2GHz, InfiniBand HDR100, Rocky Linux 8.5",FCT,Fujitsu,Portugal,2023,Research,78336,,4016.9,5013.5,1981441.0,,,371.72,Submitted,10.80625202,,Cluster,Fujitsu A64FX 48C 2GHz,Fujitsu ARM,2000,Rocky Linux 8.5,Linux,None,48,Fujitsu A64FX,PRIMEHPC FX700,Fujitsu PRIMEHPC,Infiniband,InfiniBand HDR100,Europe,51015,180275
353,324.0,63,213,Raider,"Penguin Altus XO1232g, AMD EPYC 7713 64C 2GHz, Infiniband HDR",Air Force Research Laboratory,Penguin Computing,United States,2022,Government,206304,15840.0,4015.56,8664.78,4608000.0,844802.0,,,,,,Cluster,AMD EPYC 7713 64C 2GHz,AMD Zen-3 (Milan),2000,RHEL 8,Linux,NVIDIA A40,64,AMD Zen-3 (Milan),Altus XO1214GT,Penguin Computing Cluster,Infiniband,Infiniband HDR,North America,49284,180289
354,325.0,48,29,DGX Saturn V,"NVIDIA DGX-1 Volta36, Xeon E5-2698v4 20C 2.2GHz, NVIDIA Tesla V100, Infiniband EDR",NVIDIA Corporation,Nvidia,United States,2018,Vendor,87040,81920.0,3998.0,7414.78,1925376.0,,113.5449,,,,,Cluster,Xeon E5-2698v4 20C 2.2GHz,Intel Broadwell,2200,Ubuntu,Linux,NVIDIA Tesla V100,20,Intel Xeon E5 (Broadwell),NVIDIA DGX-1 Volta36,NVIDIA DGX,Infiniband,Infiniband EDR,North America,48448,178928
355,326.0,61,159,NA9B,"Lenovo ThinkSystem SR665 V2, AMD EPYC 7763 64C 2.45GHz, 100G Ethernet",Software Company,Lenovo,United States,2023,Industry,200448,,3960.21,7857.56,9839200.0,,,,,,,Cluster,AMD EPYC 7763 64C 2.45GHz,AMD Zen-3 (Milan),2450,Linux,Linux,None,64,AMD Zen-3 (Milan),ThinkSystem SR665 V2,Lenovo ThinkSystem,Gigabit Ethernet,100G Ethernet,North America,50969,180142
356,327.0,61,160,NA9A,"Lenovo ThinkSystem SR665 V2, AMD EPYC 7763 64C 2.45GHz, 100G Ethernet",Software Company,Lenovo,United States,2023,Industry,200448,,3960.21,7857.56,9839200.0,,,,,,,Cluster,AMD EPYC 7763 64C 2.45GHz,AMD Zen-3 (Milan),2450,Linux,Linux,None,64,AMD Zen-3 (Milan),ThinkSystem SR665 V2,Lenovo ThinkSystem,Gigabit Ethernet,100G Ethernet,North America,50969,180143
357,328.0,61,161,NA9,"Lenovo ThinkSystem SR665 V2, AMD EPYC 7763 64C 2.45GHz, 100G Ethernet",Software Company,Lenovo,United States,2023,Industry,200448,,3960.21,7857.56,9839200.0,,,,,,,Cluster,AMD EPYC 7763 64C 2.45GHz,AMD Zen-3 (Milan),2450,Linux,Linux,None,64,AMD Zen-3 (Milan),ThinkSystem SR665 V2,Lenovo ThinkSystem,Gigabit Ethernet,100G Ethernet,North America,50969,180144
358,329.0,63,218,NA9Z,"Lenovo ThinkSystem SR665 V2, AMD EPYC 7763 64C 2.45GHz, 100G Ethernet",Software Company,Lenovo,United States,2023,Industry,200448,,3960.21,7857.56,9839200.0,,,,,,,Cluster,AMD EPYC 7763 64C 2.45GHz,AMD Zen-3 (Milan),2450,Linux,Linux,None,64,AMD Zen-3 (Milan),ThinkSystem SR665 V2,Lenovo ThinkSystem,Gigabit Ethernet,100G Ethernet,North America,50969,180248
359,330.0,61,164,NA1,"Lenovo ThinkSystem SR665 V2, AMD EPYC 7763 64C 2.45GHz, 100G Ethernet",Software Company,Lenovo,United States,2023,Industry,191232,,3920.56,7496.29,8746000.0,,,,,,,Cluster,AMD EPYC 7763 64C 2.45GHz,AMD Zen-3 (Milan),2450,Linux,Linux,None,64,AMD Zen-3 (Milan),ThinkSystem SR665 V2,Lenovo ThinkSystem,Gigabit Ethernet,100G Ethernet,North America,50969,180158
360,331.0,62,194,Nautilus,"Penguin Altus XE2214GTS, AMD EPYC 7713 64C 2GHz, NVIDIA A100, Infiniband HDR200",Navy DSRC,Penguin Computing,United States,2022,Government,191680,15552.0,3897.5,8155.0,4423680.0,,,,,,,Cluster,AMD EPYC 7713 64C 2GHz,AMD Zen-3 (Milan),2000,RHEL 8.7,Linux,NVIDIA A100,64,AMD Zen-3 (Milan),Penguin Altus XE2214GTS,Penguin Computing Cluster,Infiniband,Infiniband HDR200,North America,50425,180223
362,333.0,61,165,Gemini,"PowerEdge XE8545, AMD EPYC 74F3 24C 3.2GHz, NVIDIA A100, Infiniband",Petróleo Brasileiro S.A,DELL,Brazil,2023,Industry,42240,38016.0,3861.0,6864.0,1752064.0,,,287.0,Submitted,13.45296167,,Cluster,AMD EPYC 74F3 24C 3.2GHz,AMD Zen-3 (Milan),3200,RHEL 7.8,Linux,NVIDIA A100,24,AMD Zen-3 (Milan),PowerEdge XE8545,Dell PowerEdge Cluster,Infiniband,Infiniband,South America,50967,180174
363,334.0,65,304,SSC-24 Energy Module,"HPE Cray XD670, Xeon Gold 6430 32C 2.1GHz, NVIDIA H100 SXM5 80GB, Infiniband NDR400, RHEL 9.2",Samsung Electronics,HPE,South Korea,2024,Industry,11200,10560.0,3824.0,4843.01,860160.0,,,68.98,Submitted,55.43635836,,Cluster,Xeon Gold 6430 32C 2.1GHz,Intel Sapphire Rapids,2100,RHEL 9.2,Linux,NVIDIA H100 SXM5 80GB,32,Xeon Gold (Sapphire Rapids),HPE Cray XD670,HPE Cray XD,Infiniband,Infiniband NDR400,Asia,50903,180380
364,335.0,57,106,VEGA HPC CPU,"BullSequana XH2000, AMD EPYC 7H12 64C 2.6GHz, Mellanox InfiniBand HDR100",IZUM,Bull,Slovenia,2021,Research,122880,,3822.0,5367.0,5140224.0,,48.601,,,,,Cluster,AMD EPYC 7H12 64C 2.6GHz,AMD Zen-2 (Rome),2600,Linux,Linux,None,64,AMD Zen-2 (Rome),BullSequana XH2000,BullSequana,Infiniband,InfiniBand HDR100,Europe,50864,179936
366,337.0,60,142,hotlum,"HPE Cray EX, AMD EPYC 7763 64C 2.45GHz, Slingshot-11",Hewlett Packard Enterprise,HPE,France,2022,Vendor,116736,,3807.96,4576.0512,6856320.0,,,,,,,MPP,AMD EPYC 7763 64C 2.45GHz,AMD Zen-3 (Milan),2450,HPE Cray OS,Linux,None,64,AMD Zen-3 (Milan),HPE Cray EX,HPE Cray EX,Gigabit Ethernet,Slingshot-11,Europe,50928,180094
367,339.0,53,54,,"Apollo 6500 XL270d Gen10, Xeon Gold 6150/6152 18C 2.7GHz, Mellanox InfiniBand EDR, NVIDIA Tesla V100 SXM2",SAKURA Internet Inc. / Prunus Solutions Inc.,HPE,Japan,2019,Industry,65208,61440.0,3712.0,5365.0944,1769472.0,,87.12,,,,,Cluster,Xeon Gold 6150 18C 2.7GHz,Intel Skylake,2700,CentOS,Linux,NVIDIA Tesla V100 SXM2,18,Xeon Gold (Skylake),Apollo 6500 XL270d Gen10,HPE Apollo,Infiniband,Mellanox InfiniBand EDR,Asia,50809,179696
369,341.0,57,111,IARA,"NVIDIA DGX A100, AMD EPYC 7742 64C 2.25GHz, NVIDIA A100 SXM4 40 GB, Infiniband",SiDi,Nvidia,Brazil,2021,Research,24800,21600.0,3657.0,4130.4,1392158.0,,,,,,,Cluster,AMD EPYC 7742 64C 2.25GHz,AMD Zen-2 (Rome),2250,Ubuntu,Linux,NVIDIA A100 SXM4 40 GB,64,AMD Zen-2 (Rome),NVIDIA DGX A100,NVIDIA DGX,Infiniband,Infiniband,South America,50863,179931
372,344.0,62,206,NA10B,"Lenovo ThinkSystem SR665 V2, AMD EPYC 7763 64C 2.45GHz, 100G Ethernet",Software Company,Lenovo,United States,2023,Industry,184320,,3641.57,7225.34,9839200.0,,,,,,,Cluster,AMD EPYC 7763 64C 2.45GHz,AMD Zen-3 (Milan),2450,Linux,Linux,None,64,AMD Zen-3 (Milan),ThinkSystem SR665 V2,Lenovo ThinkSystem,Gigabit Ethernet,100G Ethernet,North America,50969,180197
373,345.0,62,207,NA10A,"Lenovo ThinkSystem SR665 V2, AMD EPYC 7763 64C 2.45GHz, 100G Ethernet",Software Company,Lenovo,United States,2023,Industry,184320,,3641.57,7225.34,9839200.0,,,,,,,Cluster,AMD EPYC 7763 64C 2.45GHz,AMD Zen-3 (Milan),2450,Linux,Linux,None,64,AMD Zen-3 (Milan),ThinkSystem SR665 V2,Lenovo ThinkSystem,Gigabit Ethernet,100G Ethernet,North America,50969,180198
374,346.0,62,208,NA10,"Lenovo ThinkSystem SR665 V2, AMD EPYC 7763 64C 2.45GHz, 100G Ethernet",Software Company,Lenovo,United States,2023,Industry,184320,,3641.57,7225.34,9839200.0,,,,,,,Cluster,AMD EPYC 7763 64C 2.45GHz,AMD Zen-3 (Milan),2450,Linux,Linux,None,64,AMD Zen-3 (Milan),ThinkSystem SR665 V2,Lenovo ThinkSystem,Gigabit Ethernet,100G Ethernet,North America,50969,180199
375,347.0,52,52,Joule 2.0,"HP ProLiant XL170r/XL190r/DL360 Gen10, Xeon Gold 6148 20C 2.4GHz, Intel Omni-Path, NVIDIA Tesla P100",DOE/National Energy Technology Laboratory,HPE,United States,2018,Research,86400,11200.0,3608.62,5750.784,4049664.0,,,,,,,Cluster,Xeon Gold 6148 20C 2.4GHz,Intel Skylake,2400,Linux,Linux,NVIDIA Tesla P100,20,Xeon Gold (Skylake),HP ProLiant XL170r/XL190r/DL360 Gen10,HP Cluster,Omnipath,Intel Omni-Path,North America,50452,179599
376,348.0,58,403,Snellius Phase 1 GPU,"ThinkSystem SD650-N V2, Xeon Platinum 8360Y 36C 2.4GHz, NVIDIA A100 SXM4 40 GB, Infiniband HDR",SURF,Lenovo,Netherlands,2022,Research,12960,7776.0,3603.0,6014.13,1193472.0,,54.5277,205.35,Submitted,17.54565376,,Cluster,Xeon Platinum 8360Y 36C 2.4GHz,Intel Ice Lake,2400,CentOS Linux 8.4,Linux,NVIDIA A100 SXM4 40 GB,36,Xeon Platinum 83xx (Ice Lake),ThinkSystem SD650-N V2,Lenovo ThinkSystem,Infiniband,Infiniband HDR,Europe,50900,180033
377,349.0,51,53,Niagara,"ThinkSystem SD530, Xeon Gold 6248 20C 2.5GHz, InfiniBand HDR100",SciNet/University of Toronto/Compute Canada,Lenovo,Canada,2017,Research,80640,,3599.65999,6253.056,3276672.0,,,919.42,Submitted,3.915142144,,Cluster,Xeon Gold 6148 20C 2.4GHz,Intel Skylake,2400,CentOS,Linux,None,20,Xeon Gold (Skylake),ThinkSystem SD530,Lenovo ThinkSystem,Infiniband,4xEDR Infiniband,North America,50206,179408
380,354.0,60,155,NOBZ1,"ThinkSystem C2397, Xeon Platinum 8280 28C 2.7GHz, Broadcom",Software Company MBZ,Lenovo,Brazil,2022,Industry,80640,,3545.65,6967.3,4293120.0,,,,,,,Cluster,Xeon Platinum 8280 28C 2.7GHz,Intel Cascade lake,2700,Linux,Linux,None,28,Xeon Platinum 82xx (Cascade Lake),ThinkSystem C2397,Lenovo ThinkSystem,Gigabit Ethernet,100G Ethernet,South America,50934,180098
381,355.0,60,156,AIC1,"ThinkSystem C2397, Xeon Platinum 8280 28C 2.7GHz, Broadcom",Software Company MIR,Lenovo,Ireland,2022,Industry,80640,,3545.65,6967.3,4293120.0,,,,,,,Cluster,Xeon Platinum 8280 28C 2.7GHz,Intel Cascade lake,2700,Linux,Linux,None,28,Xeon Platinum 82xx (Cascade Lake),ThinkSystem C2397,Lenovo ThinkSystem,Gigabit Ethernet,100G Ethernet,Europe,50910,180104
382,356.0,58,130,B1A,"ThinkSystem C2397, Xeon Platinum 8280 28C 2.7GHz, 100G Ethernet",Software Company MUS,Lenovo,United States,2021,Industry,80640,,3545.65,6967.3,4293120.0,,,,,,,Cluster,Xeon Platinum 8280 28C 2.7GHz,Intel Cascade lake,2700,Linux,Linux,None,28,Xeon Platinum 82xx (Cascade Lake),ThinkSystem C2397,Lenovo ThinkSystem,Gigabit Ethernet,100G Ethernet,North America,50905,179989
383,357.0,61,185,Geely Wise Star-Dubhe,"Lenovo ThinkSystem SD650 V3, Xeon Gold 6458Q 32C 3.1GHz, Infiniband HDR",Geely Auto Group,Lenovo,China,2023,Industry,40960,,3536.02,4063.23,5724200.0,,,,,,,Cluster,Xeon Gold 6458Q 32C 3.1GHz,Intel Sapphire Rapids,3100,Linux,Linux,None,32,Xeon Gold (Sapphire Rapids),ThinkSystem SD650 V3,Lenovo ThinkSystem,Infiniband,Infiniband HDR,Asia,50970,180160
385,359.0,62,221,Forerunner 1,"ASUS RS723Q-E11-RS24, Xeon Platinum 8480+ 56C 2GHz, Infiniband NDR200",National Center for High Performance Computing,ASUSTeK / ASUS Cloud / Taiwan Web Service Corporation,Taiwan,2023,Research,62496,,3532.92,3999.74,6192371.0,,,614.87,Submitted,5.745799925,,Cluster,Xeon Platinum 8480+ 56C 2GHz,Intel Sapphire Rapids,2000,RHEL,Linux,None,56,Xeon Platinum (Sapphire Rapids),ASUS ESC4000-E11,Asus Cluster,Infiniband,Infiniband NDR200,Asia,50977,180235
386,361.0,56,86,Unizah-II,"Cray CS500, Xeon Gold 6248 20C 2.5GHz, 10G Ethernet",Saudi Aramco,HPE,Saudi Arabia,2020,Industry,85560,,3487.91,6844.8,9471744.0,,,,,,,Cluster,Xeon Gold 6248 20C 2.5GHz,Intel Cascade lake,2500,RHEL 7.7,Linux,None,20,Xeon Gold 62xx (Cascade Lake),Cray CS500,Cray CS,Gigabit Ethernet,10G Ethernet,Asia,48751,179884
387,362.0,56,87,Ohtaka,"PowerEdge C6525, AMD EPYC 7702 64C 2GHz, Mellanox HDR Infiniband","The Institute for Solid State Physics, The University of Tokyo",DELL,Japan,2020,Research,215040,,3486.1,6881.28,5811840.0,,,,,,,Cluster,AMD EPYC 7702 64C 2GHz,AMD Zen-2 (Rome),2000,Red Hat Enterprise Linux,Linux,None,64,AMD Zen-2 (Rome),PowerEdge C6525,Dell PowerEdge Cluster,Infiniband,Mellanox HDR Infiniband,Asia,50562,179882
388,363.0,60,162,BA1A,"ThinkSystem HR650X, Intel Xeon Gold 8350C 32C 2.6GHz, 25G Ethernet",Service Provider B,Lenovo,China,2022,Industry,81920,,3476.28,6815.74,5724288.0,,,,,,,Cluster,Intel Xeon Gold 8350C 32C 2.6GHz,Intel Cascade lake,2600,Linux,Linux,None,32,Xeon Platinum 82xx (Cascade Lake),ThinkSystem HR650X,Lenovo ThinkSystem,Gigabit Ethernet,25G Ethernet,Asia,50941,180113
389,364.0,58,135,CARO,"NEC HPC2808Ri-2, AMD EPYC 7702 64C 2GHz, InfiniBand HDR100",German Aerospace Center,NEC,Germany,2021,Research,174592,,3458.3,5586.94,5638464.0,192.0,66.0118,,,,,Cluster,AMD EPYC 7702 64C 2GHz,AMD Zen-2 (Rome),2000,Rocky Linux 8.4,Linux,None,64,AMD Zen-2 (Rome),NEC HPC2808Ri-2,NEC Cluster,Infiniband,InfiniBand HDR100,Europe,50899,180038
390,365.0,56,88,davinci-1,"BullSequana X, AMD EPYC 7402 24C 2.8GHz, NVIDIA A100, Mellanox HDR Infiniband",Leonardo SpA,Bull,Italy,2020,Others,38400,34560.0,3449.0,6412.03,1290240.0,,108.668,,,,,Cluster,AMD EPYC 7402 24C 2.8GHz,AMD Zen-2 (Rome),2800,Linux,Linux,NVIDIA A100,24,AMD Zen-2 (Rome),BullSequana X,BullSequana,Infiniband,Mellanox HDR Infiniband,Europe,50840,179877
391,366.0,59,200,Tenaya,"HPE Cray EX235a, AMD Optimized 3rd Generation EPYC 64C 2GHz, AMD Instinct MI250X, Slingshot-11",DOE/NNSA/LLNL,HPE,United States,2022,Research,22656,21120.0,3411.16,4369.15,,,,,,,,MPP,AMD Optimized 3rd Generation EPYC 64C 2GHz,AMD Zen-3 (Milan),2000,TOSS 4 Linux,Linux,AMD Instinct MI250X,64,AMD Zen-3 (Milan),HPE Cray EX235a,HPE Cray EX,Gigabit Ethernet,Slingshot-11,North America,49763,180057
394,369.0,61,196,Molecular Simulator,"Apollo 2000 Gen10 Plus, AMD EPYC 7763 64C 2.45GHz, NVIDIA A100, InfiniBand HDR 100",Institute for Molecular Science,HPE,Japan,2023,Research,106496,,3340.29,4174.64,4785024.0,,57.8282,,,,,Cluster,AMD EPYC 7763 64C 2.45GHz,AMD Zen-3 (Milan),2450,Rocky Linux 8.7,Linux,None,64,AMD Zen-3 (Milan),Apollo 6500,HPE Apollo,Infiniband,InfiniBand HDR100,Asia,48473,180177
395,370.0,59,199,ASPIRE 2A (GPU Partition),"HPE Cray EX235n, Apollo 6500, AMD EPYC 7713 64C 2GHz, NVIDIA A100 SXM4 40 GB, Slingshot-10",National Supercomputing Centre Singapore,HPE,Singapore,2022,Research,43648,38016.0,3328.0,6483.88,1263744.0,,85.8591,,,,,Cluster,AMD EPYC 7713 64C 2GHz,AMD Zen-3 (Milan),2000,RHEL 8.3,Linux,NVIDIA A100 SXM4 40 GB,64,AMD Zen-3 (Milan),Apollo 6500 XL675d,HPE Apollo,Gigabit Ethernet,Slingshot-10,Asia,50631,180077
396,371.0,61,198,NA4,"Lenovo ThinkSystem SR650 V2, Xeon Platinum 8358 32C 2.6GHz, 100G Ethernet",Software Company,Lenovo,United States,2023,Industry,85248,,3320.05,7092.63,9463000.0,,,,,,,Cluster,Xeon Platinum 8358 32C 2.6GHz,Intel Ice Lake,2600,Linux,Linux,None,32,Xeon Platinum 83xx (Ice Lake),ThinkSystem SR650 V2,Lenovo ThinkSystem,Gigabit Ethernet,100G Ethernet,North America,50969,180153
397,372.0,62,234,NA4A,"Lenovo ThinkSystem SR650 V2, Xeon Platinum 8358 32C 2.6GHz, 100G Ethernet",Software Company,Lenovo,United States,2023,Industry,85248,,3320.05,7092.63,9463000.0,,,,,,,Cluster,Xeon Platinum 8358 32C 2.6GHz,Intel Ice Lake,2600,Linux,Linux,None,32,Xeon Platinum 83xx (Ice Lake),ThinkSystem SR650 V2,Lenovo ThinkSystem,Gigabit Ethernet,100G Ethernet,North America,50969,180189
399,373.0,49,32,,"NVIDIA DGX-1/Relion 2904GT, Xeon E5-2698v4 20C 2.2GHz/ E5-2650v4, Infiniband EDR, NVIDIA Tesla P100/Quadro GP100",Facebook,Self-made,United States,2017,Industry,60512,55552.0,3307.0,4896.512,1419545.0,,,349.5,Submitted,9.462088698,,Cluster,Xeon E5-2698v4 20C 2.2GHz,Intel Broadwell,2200,Ubuntu,Linux,NVIDIA Tesla P100,20,Intel Xeon E5 (Broadwell),NVIDIA DGX-1/Relion 2904GT,Hybrid Cluster,Infiniband,Infiniband EDR,North America,50701,179068
400,375.0,58,140,Topaze-cpu,"BullSequana XH2000, AMD EPYC 7763 64C 2.45GHz, InfiniBand HDR100",Commissariat a l'Energie Atomique (CEA)/CCRT,Bull,France,2021,Research,110592,,3261.02,4335.21,3709440.0,,42.6393,,,,,Cluster,AMD EPYC 7763 64C 2.45GHz,AMD Zen-3 (Milan),2450,Linux,Linux,None,64,AMD Zen-3 (Milan),BullSequana XH2000,BullSequana,Infiniband,InfiniBand HDR100,Europe,50207,180014
401,376.0,51,47,Damson,"Bull Sequana X1000, Xeon E5-2697v4 18C 2.3GHz, Infiniband EDR",AWE,Bull,United Kingdom,2017,Research,113832,,3243.41,3791.5776,5543424.0,,,1134.0,Submitted,2.860149912,,Cluster,Xeon E5-2697v4 18C 2.3GHz,Intel Broadwell,2300,bullx SCS,Linux,None,18,Intel Xeon E5 (Broadwell),BullSequana X1000,BullSequana,Infiniband,Infiniband EDR,Europe,47363,179409
402,377.0,54,69,LLNL/NNSA CTS-1 MAGMA,"Relion Cluster, Intel Xeon Platinum 9242 48C 2.3GHz, Intel Omni-Path",Lawrence Livermore National Laboratory,Penguin Computing,United States,2019,Research,62400,,3241.24,4592.64,5177088.0,,,887.0,Submitted,3.65416009,,Cluster,Intel Xeon Platinum 9242 48C 2.3GHz,Intel Cascade lake,2300,Linux/TOSS,Linux,None,48,Xeon Platinum 92xx (Cascade Lake),Relion Cluster,Penguin Computing Cluster,Omnipath,Intel Omni-Path,North America,48247,179774
403,378.0,63,271,NA13A,"Lenovo ThinkSystem SR665 V2, AMD EPYC 7763 64C 2.45GHz, 100G Ethernet",Software Company,Lenovo,United States,2023,Industry,156160,,3201.53,6121.47,8746000.0,,,,,,,Cluster,AMD EPYC 7763 64C 2.45GHz,AMD Zen-3 (Milan),2450,Linux,Linux,None,64,AMD Zen-3 (Milan),ThinkSystem SR665 V2,Lenovo ThinkSystem,Gigabit Ethernet,100G Ethernet,North America,50969,180249
404,379.0,63,272,NA13,"Lenovo ThinkSystem SR665 V2, AMD EPYC 7763 64C 2.45GHz, 100G Ethernet",Software Company,Lenovo,United States,2023,Industry,156160,,3201.53,6121.47,8746000.0,,,,,,,Cluster,AMD EPYC 7763 64C 2.45GHz,AMD Zen-3 (Milan),2450,Linux,Linux,None,64,AMD Zen-3 (Milan),ThinkSystem SR665 V2,Lenovo ThinkSystem,Gigabit Ethernet,100G Ethernet,North America,50969,180250
408,382.0,53,142,Fênix,"Bull 4029GP-TVRT, Xeon Gold 5122 4C 3.6GHz, NVIDIA Tesla V100, Infiniband EDR",Petróleo Brasileiro S.A,Bull,Brazil,2019,Industry,60480,57600.0,3161.0,5371.776,1677312.0,,,389.76,Submitted,8.110119048,,Cluster,Xeon Gold 5122 4C 3.6GHz,Intel Skylake,3600,CentOS,Linux,NVIDIA Tesla V100,4,Xeon Gold (Skylake),Bull 4029GP-TVRT,Bull Cluster,Infiniband,Infiniband EDR,South America,49587,179681
410,384.0,58,148,,"ThinkSystem C2397, Xeon Platinum 8280 28C 2.7GHz, 100G Ethernet",Software Company MUS,Lenovo,United States,2021,Industry,71680,,3151.69,6193.15,4293120.0,,,,,,,Cluster,Xeon Platinum 8280 28C 2.7GHz,Intel Cascade lake,2700,Linux,Linux,None,28,Xeon Platinum 82xx (Cascade Lake),ThinkSystem C2397,Lenovo ThinkSystem,Gigabit Ethernet,100G Ethernet,North America,50905,179978
411,385.0,58,149,B5A,"ThinkSystem C2397, Xeon Platinum 8280 28C 2.7GHz, 100G Ethernet",Software Company MUS,Lenovo,United States,2021,Industry,71680,,3151.69,6193.15,4293120.0,,,,,,,Cluster,Xeon Platinum 8280 28C 2.7GHz,Intel Cascade lake,2700,Linux,Linux,None,28,Xeon Platinum 82xx (Cascade Lake),ThinkSystem C2397,Lenovo ThinkSystem,Gigabit Ethernet,100G Ethernet,North America,50905,179979
412,386.0,60,183,AID1,"ThinkSystem C2397, Xeon Platinum 8280 28C 2.7GHz, Broadcom",Software Company MIR,Lenovo,Ireland,2022,Industry,71680,,3151.68,6193.15,4293120.0,,,,,,,Cluster,Xeon Platinum 8280 28C 2.7GHz,Intel Cascade lake,2700,Linux,Linux,None,28,Xeon Platinum 82xx (Cascade Lake),ThinkSystem C2397,Lenovo ThinkSystem,Gigabit Ethernet,100G Ethernet,Europe,50910,180100
413,387.0,60,184,NOJP1,"ThinkSystem C2397, Xeon Platinum 8280 28C 2.7GHz, Broadcom",Software Company MJP,Lenovo,Japan,2022,Industry,71680,,3151.68,6193.15,4293120.0,,,,,,,Cluster,Xeon Platinum 8280 28C 2.7GHz,Intel Cascade lake,2700,Linux,Linux,None,28,Xeon Platinum 82xx (Cascade Lake),ThinkSystem C2397,Lenovo ThinkSystem,Gigabit Ethernet,100G Ethernet,Asia,50932,180097
414,388.0,60,185,NONY1,"ThinkSystem C2397, Xeon Platinum 8280 28C 2.7GHz, Broadcom",Software Company MNY,Lenovo,Norway,2022,Industry,71680,,3151.68,6193.15,4293120.0,,,,,,,Cluster,Xeon Platinum 8280 28C 2.7GHz,Intel Cascade lake,2700,Linux,Linux,None,28,Xeon Platinum 82xx (Cascade Lake),ThinkSystem C2397,Lenovo ThinkSystem,Gigabit Ethernet,100G Ethernet,Europe,50936,180099
415,389.0,60,186,NO6,"ThinkSystem C2397, Xeon Platinum 8280 28C 2.7GHz, Broadcom",Software Company MUS,Lenovo,United States,2022,Industry,71680,,3151.68,6193.15,4293120.0,,,,,,,Cluster,Xeon Platinum 8280 28C 2.7GHz,Intel Cascade lake,2700,Linux,Linux,None,28,Xeon Platinum 82xx (Cascade Lake),ThinkSystem C2397,Lenovo ThinkSystem,Gigabit Ethernet,100G Ethernet,North America,50905,180101
418,392.0,65,365,Vader,"HPE Cray XD670, Xeon Platinum 8562Y+ 32C 2.8GHz, NVIDIA H200 SXM5 141 GB, Infiniband NDR, RHEL 9.4",Hewlett Packard Enterprise,HPE,United States,2025,Vendor,8960,8448.0,3142.0,3484.53,1034240.0,,44.6321,53.94,Submitted,58.2499073,,Cluster,Xeon Platinum 8562Y+ 32C 2.8GHz,Intel Emerald Rapids,2800,RHEL 9.4,Linux,NVIDIA H200 SXM5 141 GB,32,Xeon Platinum 85xx,HPE Cray XD670,HPE Cray XD,Infiniband,Infiniband NDR,North America,51014,180374
420,394.0,60,189,B2G,"ThinkSystem C0366, Xeon Gold 6252 24C 2.1GHz, 100G Ethernet",Software Company MNED,Lenovo,Netherlands,2022,Industry,92160,,3131.25,6193.15,4957440.0,,,,,,,Cluster,Xeon Gold 6252 24C 2.1GHz,Intel Cascade lake,2100,Linux,Linux,None,24,Xeon Gold 62xx (Cascade Lake),ThinkSystem C0366,Lenovo ThinkSystem,Gigabit Ethernet,100G Ethernet,Europe,50909,180117
421,395.0,58,152,A1C,"ThinkSystem C0366, Xeon Gold 6252 24C 2.1GHz, 100G Ethernet",Software Company MSG,Lenovo,Singapore,2021,Industry,92160,,3131.25,6193.15,4957440.0,,,,,,,Cluster,Xeon Gold 6252 24C 2.1GHz,Intel Cascade lake,2100,Linux,Linux,None,24,Xeon Gold 62xx (Cascade Lake),ThinkSystem C0366,Lenovo ThinkSystem,Gigabit Ethernet,100G Ethernet,Asia,50912,180022
422,396.0,58,153,A5A,"ThinkSystem C0366, Xeon Gold 6252 24C 2.1GHz, 100G Ethernet",Software Company MUS,Lenovo,United States,2021,Industry,92160,,3131.25,6193.15,4957440.0,,,,,,,Cluster,Xeon Gold 6252 24C 2.1GHz,Intel Cascade lake,2100,Linux,Linux,None,24,Xeon Gold 62xx (Cascade Lake),ThinkSystem C0366,Lenovo ThinkSystem,Gigabit Ethernet,100G Ethernet,North America,50905,179997
423,397.0,58,154,A1A,"ThinkSystem C0366, Xeon Gold 6252 24C 2.1GHz, 100G Ethernet",Software Company MUS,Lenovo,United States,2021,Industry,92160,,3131.25,6193.15,4957440.0,,,,,,,Cluster,Xeon Gold 6252 24C 2.1GHz,Intel Cascade lake,2100,Linux,Linux,None,24,Xeon Gold 62xx (Cascade Lake),ThinkSystem C0366,Lenovo ThinkSystem,Gigabit Ethernet,100G Ethernet,North America,50905,180001
424,398.0,58,155,A1A,"ThinkSystem C0366, Xeon Gold 6252 24C 2.1GHz, 100G Ethernet",Software Company MUS,Lenovo,United States,2021,Industry,92160,,3131.25,6193.15,4957440.0,,,,,,,Cluster,Xeon Gold 6252 24C 2.1GHz,Intel Cascade lake,2100,Linux,Linux,None,24,Xeon Gold 62xx (Cascade Lake),ThinkSystem C0366,Lenovo ThinkSystem,Gigabit Ethernet,100G Ethernet,North America,50905,180002
425,399.0,60,194,NO4,"ThinkSystem C0366, Xeon Gold 6252 24C 2.1GHz, 100G Ethernet",Software Company MUS,Lenovo,United States,2022,Industry,92160,,3131.25,6193.15,4957440.0,,,,,,,Cluster,Xeon Gold 6252 24C 2.1GHz,Intel Cascade lake,2100,Linux,Linux,None,24,Xeon Gold 62xx (Cascade Lake),ThinkSystem C0366,Lenovo ThinkSystem,Gigabit Ethernet,100G Ethernet,North America,50905,180108
426,400.0,61,224,NA8B,"Lenovo ThinkSystem SR650 V2, Xeon Platinum 8358 32C 2.6GHz, 100G Ethernet",Software Company,Lenovo,United States,2023,Industry,84096,,3127.57,6996.79,9454800.0,,,,,,,Cluster,Xeon Platinum 8358 32C 2.6GHz,Intel Ice Lake,2600,Linux,Linux,None,32,Xeon Platinum 83xx (Ice Lake),ThinkSystem SR650 V2,Lenovo ThinkSystem,Gigabit Ethernet,100G Ethernet,North America,50969,180140
427,401.0,61,225,NA8A,"Lenovo ThinkSystem SR650 V2, Xeon Platinum 8358 32C 2.6GHz, 100G Ethernet",Software Company,Lenovo,United States,2023,Industry,84096,,3127.57,6996.79,9454800.0,,,,,,,Cluster,Xeon Platinum 8358 32C 2.6GHz,Intel Ice Lake,2600,Linux,Linux,None,32,Xeon Platinum 83xx (Ice Lake),ThinkSystem SR650 V2,Lenovo ThinkSystem,Gigabit Ethernet,100G Ethernet,North America,50969,180141
428,402.0,61,226,NA8,"Lenovo ThinkSystem SR650 V2, Xeon Platinum 8358 32C 2.6GHz, 100G Ethernet",Software Company,Lenovo,United States,2023,Industry,84096,,3127.57,6996.79,9454800.0,,,,,,,Cluster,Xeon Platinum 8358 32C 2.6GHz,Intel Ice Lake,2600,Linux,Linux,None,32,Xeon Platinum 83xx (Ice Lake),ThinkSystem SR650 V2,Lenovo ThinkSystem,Gigabit Ethernet,100G Ethernet,North America,50969,180145
429,403.0,61,227,NA8,"Lenovo ThinkSystem SR650 V2, Xeon Platinum 8358 32C 2.6GHz, 100G Ethernet",Software Company,Lenovo,United States,2023,Industry,84096,,3127.57,6996.79,9454800.0,,,,,,,Cluster,Xeon Platinum 8358 32C 2.6GHz,Intel Ice Lake,2600,Linux,Linux,None,32,Xeon Platinum 83xx (Ice Lake),ThinkSystem SR650 V2,Lenovo ThinkSystem,Gigabit Ethernet,100G Ethernet,North America,50969,180146
430,404.0,63,297,NA8Z,"Lenovo ThinkSystem SR650 V2, Xeon Platinum 8358 32C 2.6GHz, 100G Ethernet",Software Company,Lenovo,United States,2024,Industry,84096,,3127.57,6996.79,9454800.0,,,,,,,Cluster,Xeon Platinum 8358 32C 2.6GHz,Intel Ice Lake,2600,Linux,Linux,None,32,Xeon Platinum 83xx (Ice Lake),ThinkSystem SR650 V2,Lenovo ThinkSystem,Gigabit Ethernet,100G Ethernet,North America,50969,180247
432,406.0,66,406,LLNL CTS-2 Matrix,"PowerEdge XE9640, Xeon Platinum 8480+ 56C 2GHz, NVIDIA H100, Infiniband NDR, Linux/TOSS",Lawrence Livermore National Laboratory,DELL,United States,2025,Research,12800,10560.0,3114.0,3503.36,819200.0,,,84.3,Submitted,36.93950178,,Cluster,Xeon Platinum 8480+ 56C 2GHz,Intel Sapphire Rapids,2000,Linux/TOSS,Linux,NVIDIA H100,56,Xeon Platinum (Sapphire Rapids),PowerEdge XE9640,Dell PowerEdge Cluster,Infiniband,Infiniband NDR,North America,48247,180420
433,407.0,64,339,IronMan,"PowerEdge XE9680 Xeon Platinum 8460Y+ 40C 2GHz, AMD Instinct MI300X, Broadcom BCM957608 400G Ethernet, Ubuntu 22.04.5 LTS",Dell Technologies HPC & AI Innovation Lab,DELL,United States,2024,Vendor,20096,19456.0,3109.0,5271.04,1263360.0,,,,,,,Cluster,Xeon Platinum 8460Y+ 40C 2GHz,Intel Sapphire Rapids,2000,Ubuntu 22.04.5 LTS,Linux,AMD Instinct MI300X,40,Xeon Platinum (Sapphire Rapids),Dell PowerEdge XE9680,Dell PowerEdge Cluster,Gigabit Ethernet,Broadcom BCM957608 400G Ethernet,North America,50904,180334
435,,67,435,,"Lenovo ThinkSystem SR675 V3, AMD EPYC 9335 32C 3GHz, NVIDIA H200, Infiniband NDR400, Ubuntu",ASEAN-Korea HPC Facility in Indonesia,Lenovo,Indonesia,2026,Research,9472,8448.0,3101.0,4288.0,1052672.0,573440.0,,,,,,Cluster,AMD EPYC 9335 32C 3GHz,AMD Zen-5 (Turin),3000,Ubuntu,Linux,NVIDIA H200,32,AMD Zen-5 (Turin),Lenovo ThinkSystem SR675 V3,Lenovo ThinkSystem,Infiniband,Infiniband NDR400,Asia,51147,180449
437,410.0,57,134,VEGA HPC GPU,"BullSequana XH2000, AMD EPYC 7H12 64C 2.6GHz, NVIDIA A100, Infiniband HDR",IZUM,Bull,Slovenia,2021,Research,33600,25920.0,3096.0,4680.0,1152000.0,,77.547,,,,,Cluster,AMD EPYC 7H12 64C 2.6GHz,AMD Zen-2 (Rome),2600,Linux,Linux,NVIDIA A100,64,AMD Zen-2 (Rome),BullSequana XH2000,BullSequana,Infiniband,Infiniband HDR,Europe,50864,179937
438,411.0,54,75,,"Lenovo HR650x, Xeon Gold 6133 20C 2.5GHz, 25G Ethernet",Service Provider T,Lenovo,China,2019,Industry,76000,,3088.64,6080.0,6039936.0,,,,,,,Cluster,Xeon Gold 6133 20C 2.5GHz,Intel Skylake,2500,Linux,Linux,None,20,Xeon Gold (Skylake),ThinkSystem HR650X,Lenovo ThinkSystem,Gigabit Ethernet,25G Ethernet,Asia,50329,179750
439,412.0,56,104,Alps,"HPE Cray EX, AMD EPYC 7742 64C 2.25GHz, Slingshot-10",Swiss National Supercomputing Centre (CSCS),HPE,Switzerland,2020,Research,128000,,3088.6,4608.0,5108800.0,,,637.95,Submitted,4.841445254,,MPP,AMD EPYC 7742 64C 2.25GHz,AMD Zen-2 (Rome),2250,HPE Cray OS,Linux,None,64,AMD Zen-2 (Rome),HPE Cray EX,HPE Cray EX,Gigabit Ethernet,Slingshot-10,Europe,50422,179900
440,414.0,64,346,Medusa,"PowerEdge XE9680, Xeon Platinum 8468 48C 2.1GHz, NVIDIA H100, Infiniband NDR400, Ubuntu 22.04.2 LTS",Dell Technologies HPC & AI Innovation Lab,DELL,United States,2024,Vendor,9216,8448.0,3083.0,4333.85,753664.0,,29.23,,,,,Cluster,Xeon Platinum 8468 48C 2.1GHz,Intel Sapphire Rapids,2100,Ubuntu 22.04.2 LTS,Linux,NVIDIA H100,48,Xeon Platinum (Sapphire Rapids),Dell PowerEdge XE9680,Dell PowerEdge Cluster,Infiniband,Infiniband NDR400,North America,50904,180335
441,416.0,55,88,Hera,"Cray CS500, Xeon Gold 6148 20C 2.4GHz, Infiniband HDR",NOAA Environmental Security Computer Center,HPE,United States,2019,Research,63840,,3080.85,4884.48,4012032.0,,43.673,,,,,Cluster,Xeon Gold 6148 20C 2.4GHz,Intel Skylake,2400,CentOS,Linux,None,20,Xeon Gold (Skylake),Cray CS500,Cray CS,Infiniband,Infiniband HDR,North America,50371,179864
442,,67,442,Numerical Materials Simulator,"DELL PowerEdge C6620, Xeon Platinum 8592+ 64C 1.9GHz, NVIDIA Infiniband NDR, Red Hat Enterprise Linux",National Institute for Materials Science,DELL,Japan,2026,Research,51200,,3075.28,3112.96,4687872.0,,,,,,,Cluster,Xeon Platinum 8592+ 64C 1.9GHz,Intel Emerald Rapids,1900,Red Hat Enterprise Linux,Linux,None,64,Xeon Platinum 85xx,DELL PowerEdge C6620,Dell PowerEdge Cluster,Infiniband,NVIDIA Infiniband NDR,Asia,49749,180486
447,422.0,63,313,ARF,"ThinkSystem SD650 v3, Xeon Platinum 8480+ 56C 2GHz, Infiniband NDR200",TRUBA,Lenovo,Turkey,2023,Government,55552,,3003.29,3555.33,3467520.0,,,,,,,Cluster,Xeon Platinum 8480+ 56C 2GHz,Intel Sapphire Rapids,2000,RedHat 9.1,Linux,None,56,Xeon Platinum (Sapphire Rapids),ThinkSystem SD650 v3,Lenovo ThinkSystem,Infiniband,Infiniband NDR200,Asia,51003,180261
448,423.0,60,205,NO3,"ThinkSystem C0366, Xeon Gold 6252 24C 2.1GHz, 100G Ethernet",Software Company MUS,Lenovo,United States,2022,Industry,88320,,3000.78,5935.1,4957440.0,,,,,,,Cluster,Xeon Gold 6252 24C 2.1GHz,Intel Cascade lake,2100,Linux,Linux,None,24,Xeon Gold 62xx (Cascade Lake),ThinkSystem C0366,Lenovo ThinkSystem,Gigabit Ethernet,100G Ethernet,North America,50905,180109
449,424.0,54,81,,"Lenovo HR650x, Xeon Gold 6133 20C 2.5GHz, 25G Ethernet",Service Provider T,Lenovo,China,2019,Industry,73600,,2994.04,5888.0,5943552.0,,,,,,,Cluster,Xeon Gold 6133 20C 2.5GHz,Intel Skylake,2500,Linux,Linux,None,20,Xeon Gold (Skylake),ThinkSystem HR650X,Lenovo ThinkSystem,Gigabit Ethernet,25G Ethernet,Asia,50329,179746
450,425.0,65,398,,"FusionServer 2258H V8, AMD EPYC 9755 128C 2.7GHz, Intel Omni-Path 100G, RHEL 9.4",Manufacturing Industry (A),xFusion,Norway,2025,Industry,51200,,2993.95,4423.68,5544960.0,1108992.0,,,,,,Cluster,AMD EPYC 9755 128C 2.7GHz,AMD Zen-5 (Turin),2700,RHEL 9.4,Linux,None,128,AMD Zen-5 (Turin),FusionServer 2258H V8,xFusion Cluster,Omnipath,Intel Omni-Path 100G,Europe,51070,180397
451,426.0,65,399,AMD Ouranos,"BullSequana XH3000, AMD 4th Gen EPYC 24C 1.8GHz, AMD Instinct MI300A, Infiniband NDR200, RedHat Enterprise Linux",Atos,Bull,France,2024,Vendor,16632,15048.0,2988.0,3974.8,898560.0,,,48.14,Submitted,62.06896552,,Cluster,AMD 4th Gen EPYC 24C 1.8GHz,AMD Zen-4 (Genoa),1800,Red Hat Enterprise Linux,Linux,AMD Instinct MI300A,24,AMD Zen-4 (Genoa),BullSequana XH3000,EVIDEN BullSequana,Infiniband,Infiniband NDR200,Europe,50630,180355
452,427.0,58,166,HHH1,"ThinkSystem HR650X, Xeon Gold 6233 24C 2.5GHz, 25G Ethernet",Service Provider T,Lenovo,China,2021,Industry,80640,,2975.29,6451.2,5679360.0,,,,,,,Cluster,Xeon Gold 6233 24C 2.5GHz,Intel Cascade lake,2500,Linux,Linux,None,24,Xeon Gold 62xx (Cascade Lake),ThinkSystem HR650X,Lenovo ThinkSystem,Gigabit Ethernet,25G Ethernet,Asia,50854,180011
453,428.0,58,167,III1,"ThinkSystem HR650X, Xeon Gold 6233 24C 2.5GHz, 25G Ethernet",Service Provider T,Lenovo,China,2021,Industry,79680,,2975.08,6374.4,5645568.0,,,,,,,Cluster,Xeon Gold 6233 24C 2.5GHz,Intel Cascade lake,2500,Linux,Linux,None,24,Xeon Gold 62xx (Cascade Lake),ThinkSystem HR650X,Lenovo ThinkSystem,Gigabit Ethernet,25G Ethernet,Asia,50854,180004
455,430.0,61,246,,"NEC HPC 124Rj-1, Xeon Platinum 8358 32C 2.6GHz, Intel Omni-Path",Volkswagen AG at Green Mountain A/S,NEC,Norway,2022,Industry,53568,,2955.0,4456.86,4499712.0,,,,,,,Cluster,Xeon Platinum 8358 32C 2.6GHz,Intel Ice Lake,2600,Red Hat Enterprise Linux,Linux,None,32,Xeon Platinum 83xx (Ice Lake),NEC HPC 124Rj-1,NEC Cluster,Omnipath,Intel Omni-Path,Europe,50955,180172
456,431.0,58,169,JJJ1,"ThinkSystem HR650X, Xeon Gold 6233 24C 2.5GHz, 25G Ethernet",Service Provider T,Lenovo,China,2021,Industry,78720,,2933.42,6297.6,5611392.0,,,,,,,Cluster,Xeon Gold 6233 24C 2.5GHz,Intel Cascade lake,2500,Linux,Linux,None,24,Xeon Gold 62xx (Cascade Lake),ThinkSystem HR650X,Lenovo ThinkSystem,Gigabit Ethernet,25G Ethernet,Asia,50854,180005
457,432.0,54,83,,"Lenovo HR650x, Xeon Gold 6133 20C 2.5GHz, 25G Ethernet",Service Provider T,Lenovo,China,2019,Industry,72000,,2931.84,5760.0,5878656.0,,,,,,,Cluster,Xeon Gold 6133 20C 2.5GHz,Intel Skylake,2500,Linux,Linux,None,20,Xeon Gold (Skylake),ThinkSystem HR650X,Lenovo ThinkSystem,Gigabit Ethernet,25G Ethernet,Asia,50329,179749
458,433.0,58,171,A9A,"ThinkSystem C0366, Xeon Gold 6252 24C 2.1GHz, 100G Ethernet",Software Company MUS,Lenovo,United States,2021,Industry,86016,,2922.5,5780.28,4957440.0,,,,,,,Cluster,Xeon Gold 6252 24C 2.1GHz,Intel Cascade lake,2100,Linux,Linux,None,24,Xeon Gold 62xx (Cascade Lake),ThinkSystem C0366,Lenovo ThinkSystem,Gigabit Ethernet,100G Ethernet,North America,50905,179991
459,434.0,58,172,A6A,"ThinkSystem C0366, Xeon Gold 6252 24C 2.1GHz, 100G Ethernet",Software Company MUS,Lenovo,United States,2021,Industry,86016,,2922.5,5780.28,4957440.0,,,,,,,Cluster,Xeon Gold 6252 24C 2.1GHz,Intel Cascade lake,2100,Linux,Linux,None,24,Xeon Gold 62xx (Cascade Lake),ThinkSystem C0366,Lenovo ThinkSystem,Gigabit Ethernet,100G Ethernet,North America,50905,179996
460,435.0,57,145,Jean,"Liqid Cluster, Intel Xeon Platinum 9242 48C 2.3GHz, Infiniband HDR",Army Research Laboratory DoD Supercomputing Resource Center (ARL DSRC),Liqid,United States,2020,Government,55296,,2917.56,4069.79,3852672.0,,,,,,,Cluster,Intel Xeon Platinum 9242 48C 2.3GHz,Intel Cascade lake,2300,CentOS,Linux,None,48,Xeon Platinum 92xx (Cascade Lake),Liqid Cluster,Liqid Cluster,Infiniband,Infiniband HDR,North America,50423,179951
461,436.0,66,436,Castner,"HPE Cray EX254n, NVIDIA Grace 72C 3.1GHz, NVIDIA GH200 Superchip, Slingshot-11, HPE Cray OS",Hewlett Packard Enterprise,HPE,United States,2025,Vendor,13056,8448.0,2917.0,3537.48,1239040.0,,41.7259,,,,,MPP,NVIDIA Grace 72C 3.1GHz,NVIDIA Grace CPU,3100,HPE Cray OS,Linux,NVIDIA GH200 Superchip,72,NVIDIA Grace,HPE Cray EX254n,HPE Cray EX,Gigabit Ethernet,Slingshot-11,North America,51014,180408
462,437.0,66,437,Terabit HPC Bubble,"ThinkSystem SR675 V3, AMD EPYC 9654 96C 2.4GHz, NVIDIA H100 80GB HBM3, NVIDIA Infiniband NDR, AlmaLinux 9",INFN-CNAF,Lenovo,Italy,2025,Research,14400,10560.0,2911.0,5360.0,881491.0,512000.0,,,,,,Cluster,AMD EPYC 9654 96C 2.4GHz,AMD Zen-4 (Genoa),2400,AlmaLinux 9,Linux,NVIDIA H100 80GB HBM3,96,AMD Zen-4 (Genoa),Lenovo ThinkSystem SR675 V3,Lenovo ThinkSystem,Infiniband,NVIDIA Infiniband NDR,Europe,51093,180417
463,438.0,58,174,KKK1,"ThinkSystem HR650X, Xeon Gold 6233 24C 2.5GHz, 25G Ethernet",Service Provider T,Lenovo,China,2021,Industry,77760,,2910.09,6220.8,5577216.0,,,,,,,Cluster,Xeon Gold 6233 24C 2.5GHz,Intel Cascade lake,2500,Linux,Linux,None,24,Xeon Gold 62xx (Cascade Lake),ThinkSystem HR650X,Lenovo ThinkSystem,Gigabit Ethernet,25G Ethernet,Asia,50854,180006
465,440.0,58,176,LLL1,"ThinkSystem HR650X, Xeon Gold 6233 24C 2.5GHz, 25G Ethernet",Service Provider T,Lenovo,China,2021,Industry,76800,,2882.76,6144.0,5542656.0,,,,,,,Cluster,Xeon Gold 6233 24C 2.5GHz,Intel Cascade lake,2500,Linux,Linux,None,24,Xeon Gold 62xx (Cascade Lake),ThinkSystem HR650X,Lenovo ThinkSystem,Gigabit Ethernet,25G Ethernet,Asia,50854,180007
466,441.0,60,405,Henri,"ThinkSystem SR670 V2, Intel Xeon Platinum 8362 32C 2.8GHz, NVIDIA H100 80GB PCIe, Infiniband HDR",Flatiron Institute,Lenovo,United States,2022,Research,8288,7392.0,2882.0,3579.13,1032192.0,,,44.07,Submitted,65.39596097,,Cluster,Xeon Platinum 8362 32C 2.8GHz,Intel Ice Lake,2800,Linux,Linux,NVIDIA H100,32,Xeon Platinum 83xx (Ice Lake),ThinkSystem SR670 V2,Lenovo ThinkSystem,Infiniband,Infiniband HDR,North America,50943,180087
467,442.0,57,147,,"ThinkSystem HR650X, Xeon Gold 6230R 26C 2.1GHz, 10G Ethernet",Service Provider K,Lenovo,China,2021,Industry,93600,,2873.41,6289.92,5878656.0,,,,,,,Cluster,Xeon Gold 6230R 26C 2.1GHz,Intel Cascade lake,2100,Linux,Linux,None,26,Xeon Gold 62xx (Cascade Lake),ThinkSystem HR650X,Lenovo ThinkSystem,Gigabit Ethernet,10G Ethernet,Asia,50885,179916
468,443.0,58,178,A8A,"ThinkSystem C0366, Xeon Gold 6252 24C 2.1GHz, 100G Ethernet",Software Company MUS,Lenovo,United States,2021,Industry,84480,,2870.31,5677.06,4957440.0,,,,,,,Cluster,Xeon Gold 6252 24C 2.1GHz,Intel Cascade lake,2100,Linux,Linux,None,24,Xeon Gold 62xx (Cascade Lake),ThinkSystem C0366,Lenovo ThinkSystem,Gigabit Ethernet,100G Ethernet,North America,50905,179992
469,444.0,58,179,A8A,"ThinkSystem C0366, Xeon Gold 6252 24C 2.1GHz, 100G Ethernet",Software Company MUS,Lenovo,United States,2021,Industry,84480,,2870.31,5677.06,4957440.0,,,,,,,Cluster,Xeon Gold 6252 24C 2.1GHz,Intel Cascade lake,2100,Linux,Linux,None,24,Xeon Gold 62xx (Cascade Lake),ThinkSystem C0366,Lenovo ThinkSystem,Gigabit Ethernet,100G Ethernet,North America,50905,179994
470,445.0,58,180,A3A,"ThinkSystem C0366, Xeon Gold 6252 24C 2.1GHz, 100G Ethernet",Software Company MUS,Lenovo,United States,2021,Industry,84480,,2870.31,5677.06,4957440.0,,,,,,,Cluster,Xeon Gold 6252 24C 2.1GHz,Intel Cascade lake,2100,Linux,Linux,None,24,Xeon Gold 62xx (Cascade Lake),ThinkSystem C0366,Lenovo ThinkSystem,Gigabit Ethernet,100G Ethernet,North America,50905,179999
471,446.0,59,197,A14A,"ThinkSystem C0366, Xeon Gold 6252 24C 2.1GHz, 100G Ethernet",Software Company MUS,Lenovo,United States,2022,Industry,84480,,2870.31,5677.06,4957440.0,,,,,,,Cluster,Xeon Gold 6252 24C 2.1GHz,Intel Cascade lake,2100,Linux,Linux,None,24,Xeon Gold 62xx (Cascade Lake),ThinkSystem C0366,Lenovo ThinkSystem,Gigabit Ethernet,100G Ethernet,North America,50905,180064
472,447.0,60,223,A14A,"ThinkSystem C0366, Xeon Gold 6252 24C 2.1GHz, 100G Ethernet",Software Company MUS,Lenovo,United States,2022,Industry,84480,,2870.31,5677.06,4957440.0,,,,,,,Cluster,Xeon Gold 6252 24C 2.1GHz,Intel Cascade lake,2100,Linux,Linux,None,24,Xeon Gold 62xx (Cascade Lake),ThinkSystem C0366,Lenovo ThinkSystem,Gigabit Ethernet,100G Ethernet,North America,50905,180116
473,448.0,56,114,,"ThinkSystem SR650, Xeon Gold 6238 22C 2.1GHz, 10G Ethernet",Financial Services P,Lenovo,China,2020,Industry,94160,,2867.64,6327.55,5233920.0,,,,,,,Cluster,Xeon Gold 6238 22C 2.1GHz,Intel Cascade lake,2100,Linux,Linux,None,22,Xeon Gold 62xx (Cascade Lake),ThinkSystem SR650,Lenovo ThinkSystem,Gigabit Ethernet,10G Ethernet,Asia,50855,179887
474,449.0,58,182,MMM1,"ThinkSystem HR650X, Xeon Gold 6233 24C 2.5GHz, 25G Ethernet",Service Provider T,Lenovo,China,2021,Industry,75840,,2857.04,6067.2,5507712.0,,,,,,,Cluster,Xeon Gold 6233 24C 2.5GHz,Intel Cascade lake,2500,Linux,Linux,None,24,Xeon Gold 62xx (Cascade Lake),ThinkSystem HR650X,Lenovo ThinkSystem,Gigabit Ethernet,25G Ethernet,Asia,50854,180008
476,451.0,58,184,NNN1,"ThinkSystem HR650X, Xeon Gold 6233 24C 2.5GHz, 25G Ethernet",Service Provider T,Lenovo,China,2021,Industry,74880,,2834.05,5990.4,5472768.0,,,,,,,Cluster,Xeon Gold 6233 24C 2.5GHz,Intel Cascade lake,2500,Linux,Linux,None,24,Xeon Gold 62xx (Cascade Lake),ThinkSystem HR650X,Lenovo ThinkSystem,Gigabit Ethernet,25G Ethernet,Asia,50854,180009
477,452.0,55,123,Freeman,"Cray CS500, AMD EPYC 7542 32C 2.9GHz, Mellanox InfiniBand HDR100",ERDC DSRC,HPE,United States,2020,Research,79104,,2829.0,3670.43,5363200.0,,,,,,,Cluster,AMD EPYC 7542 32C 2.9GHz,AMD Zen-2 (Rome),2900,RHEL 7.7,Linux,None,32,AMD Zen-2 (Rome),Cray CS500,Cray CS,Infiniband,InfiniBand HDR100,North America,47771,179843
479,454.0,58,187,OOO1,"ThinkSystem HR650X, Xeon Gold 6233 24C 2.5GHz, 25G Ethernet",Service Provider T,Lenovo,China,2021,Industry,73920,,2804.41,5913.6,5437824.0,,,,,,,Cluster,Xeon Gold 6233 24C 2.5GHz,Intel Cascade lake,2500,Linux,Linux,None,24,Xeon Gold 62xx (Cascade Lake),ThinkSystem HR650X,Lenovo ThinkSystem,Gigabit Ethernet,25G Ethernet,Asia,50854,180010
480,456.0,54,91,,"Lenovo HR650x, Xeon Gold 6133 20C 2.5GHz, 25G Ethernet",Service Provider T,Lenovo,China,2019,Industry,68000,,2779.84,5440.0,5713152.0,,,,,,,Cluster,Xeon Gold 6133 20C 2.5GHz,Intel Skylake,2500,Linux,Linux,None,20,Xeon Gold (Skylake),ThinkSystem HR650X,Lenovo ThinkSystem,Gigabit Ethernet,25G Ethernet,Asia,50329,179748
481,457.0,60,245,Lucia,"HPE Proliant XL675d Gen10 Plus, AMD EPYC 7513 32C 2.6GHz, NVIDIA A100 SXM4 40 GB, Infiniband HDR, RHEL 8.6",Cenaero,HPE,Belgium,2022,Industry,23200,21600.0,2776.0,3966.56,1025280.0,,,103.84,Submitted,26.73343606,,Cluster,AMD EPYC 7513 32C 2.6GHz,AMD Zen-3 (Milan),2600,RHEL 8.6,Linux,NVIDIA A100 SXM4 40 GB,32,AMD Zen-3 (Milan),HPE Proliant XL675d Gen10 Plus,HPE Proliant,Infiniband,Infiniband HDR,Europe,49702,180122
482,458.0,62,310,,"NEC LX HPC 224Rk-1, AMD EPYC 9454 48C 2.75GHz, Intel Omni-Path",Volkswagen AG at Green Mountain A/S,NEC,Norway,2023,Industry,59520,,2775.4,3475.97,4826880.0,,,,,,,Cluster,AMD EPYC 9454 48C 2.75GHz,AMD Zen-4 (Genoa),2750,Red Hat Enterprise Linux,Linux,None,48,AMD Zen-4 (Genoa),NEC LX HPC 224Rk-1,NEC Cluster,Omnipath,Intel Omni-Path,Europe,50955,180221
483,459.0,57,156,,"ThinkSystem HR650X, Xeon Gold 6233 24C 2.5GHz, 10G Ethernet",Service Provider T,Lenovo,China,2021,Industry,72960,,2774.23,5836.8,5402112.0,,,,,,,Cluster,Xeon Gold 6233 24C 2.5GHz,Intel Cascade lake,2500,Linux,Linux,None,24,Xeon Gold 62xx (Cascade Lake),ThinkSystem HR650X,Lenovo ThinkSystem,Gigabit Ethernet,10G Ethernet,Asia,50854,179923
484,460.0,57,157,Spartan3,"BullSequana XH2000, AMD EPYC 7763 64C 2.45GHz, Mellanox InfiniBand HDR100",Atos,Bull,France,2021,Vendor,92160,,2751.0,3612.67,4423680.0,,,,,,,Cluster,AMD EPYC 7763 64C 2.45GHz,AMD Zen-3 (Milan),2450,Linux,Linux,None,64,AMD Zen-3 (Milan),BullSequana XH2000,BullSequana,Infiniband,InfiniBand HDR100,Europe,50630,179935
485,461.0,56,121,ZZ2,"ThinkSystem HR650X, Xeon Gold 6133 20C 2.5GHz, 10G Ethernet",Service Provider T,Lenovo,China,2020,Industry,67200,,2749.28,5376.0,4637184.0,,,,,,,Cluster,Xeon Gold 6133 20C 2.5GHz,Intel Skylake,2500,Linux,Linux,None,20,Xeon Gold (Skylake),ThinkSystem HR650X,Lenovo ThinkSystem,Gigabit Ethernet,10G Ethernet,Asia,50854,179898
486,462.0,55,103,,"ThinkSystem SR650, Xeon Gold 6248 20C 2.5GHz, 25G Ethernet",Service Provider T,Lenovo,China,2019,Industry,66400,,2746.3,5312.0,5645568.0,,,,,,,Cluster,Xeon Gold 6248 20C 2.5GHz,Intel Cascade lake,2500,Linux,Linux,None,20,Xeon Gold 62xx (Cascade Lake),ThinkSystem SR650,Lenovo ThinkSystem,Gigabit Ethernet,25G Ethernet,Asia,50329,179810
487,463.0,54,92,,"ThinkSystem SR650, Xeon Gold 6240 18C 2.6GHz, NVIDIA Tesla V100, Infiniband EDR",Government,Lenovo,China,2019,Government,59976,48960.0,2744.84,5354.878,2423808.0,,,,,,,Cluster,Xeon Gold 6240 18C 2.6GHz,Intel Cascade lake,2600,Linux,Linux,NVIDIA Tesla V100,18,Xeon Gold 62xx (Cascade Lake),ThinkSystem SR650,Lenovo ThinkSystem,Infiniband,Infiniband EDR,Asia,50774,179742
488,464.0,57,161,,"ThinkSystem HR650X, Xeon Gold 6233 24C 2.5GHz, 10G Ethernet",Service Provider T,Lenovo,China,2021,Industry,72000,,2742.91,5760.0,5366400.0,,,,,,,Cluster,Xeon Gold 6233 24C 2.5GHz,Intel Cascade lake,2500,Linux,Linux,None,24,Xeon Gold 62xx (Cascade Lake),ThinkSystem HR650X,Lenovo ThinkSystem,Gigabit Ethernet,10G Ethernet,Asia,50854,179922
490,466.0,54,94,SNL/NNSA CTS-1 Attaway,"Tundra Extreme Scale, Xeon Gold 6140 18C 2.3GHz, Intel Omni-Path",Sandia National Laboratories,Penguin Computing,United States,2019,Research,52920,,2724.52,3894.912,4999680.0,,38.8,750.0,Submitted,3.632693333,,Cluster,Xeon Gold 6140 18C 2.3GHz,Intel Skylake,2300,Linux/TOSS,Linux,None,18,Xeon Gold (Skylake),Tundra Extreme Scale,Penguin Computing Cluster,Omnipath,Intel Omni-Path,North America,48748,179777
491,467.0,56,126,ZZ3,"ThinkSystem HR650X, Xeon Gold 6133 20C 2.5GHz, 10G Ethernet",Service Provider T,Lenovo,China,2020,Industry,66400,,2721.33,5312.0,4609536.0,,,,,,,Cluster,Xeon Gold 6133 20C 2.5GHz,Intel Skylake,2500,Linux,Linux,None,20,Xeon Gold (Skylake),ThinkSystem HR650X,Lenovo ThinkSystem,Gigabit Ethernet,10G Ethernet,Asia,50854,179888
492,468.0,57,165,,"ThinkSystem HR650X, Xeon Gold 6233 24C 2.5GHz, 10G Ethernet",Service Provider T,Lenovo,China,2021,Industry,71040,,2710.88,5683.2,5330688.0,,,,,,,Cluster,Xeon Gold 6233 24C 2.5GHz,Intel Cascade lake,2500,Linux,Linux,None,24,Xeon Gold 62xx (Cascade Lake),ThinkSystem HR650X,Lenovo ThinkSystem,Gigabit Ethernet,10G Ethernet,Asia,50854,179921
493,469.0,64,400,Arka AI/ML,"NVIDIA DGX H100, Xeon Platinum 8480C 56C 2GHz, NVIDIA H100 SXM5 80GB, Octo-rail NVIDIA HDR100 Infiniband, Red Hat Enterprise Linux",Indian Institute of Tropical Meteorology,Bull,India,2024,Research,8176,7392.0,2703.0,3746.85,691200.0,,,,,,,Cluster,Xeon Platinum 8480C 56C 2GHz,Intel Sapphire Rapids,2000,Red Hat Enterprise Linux,Linux,NVIDIA H100 SXM5 80GB,56,Xeon Platinum (Sapphire Rapids),NVIDIA DGX H100,NVIDIA DGX,Infiniband,Octo-rail NVIDIA HDR100 Infiniband,Asia,50296,180306
494,470.0,56,127,ZZ4,"ThinkSystem HR650X, Xeon Gold 6133 20C 2.5GHz, 10G Ethernet",Service Provider T,Lenovo,China,2020,Industry,65600,,2691.69,5248.0,4581888.0,,,,,,,Cluster,Xeon Gold 6133 20C 2.5GHz,Intel Skylake,2500,Linux,Linux,None,20,Xeon Gold (Skylake),ThinkSystem HR650X,Lenovo ThinkSystem,Gigabit Ethernet,10G Ethernet,Asia,50854,179889
495,471.0,57,167,,"ThinkSystem HR650X, Xeon Gold 6233 24C 2.5GHz, 10G Ethernet",Service Provider T,Lenovo,China,2021,Industry,70080,,2677.05,5606.4,5294592.0,,,,,,,Cluster,Xeon Gold 6233 24C 2.5GHz,Intel Cascade lake,2500,Linux,Linux,None,24,Xeon Gold 62xx (Cascade Lake),ThinkSystem HR650X,Lenovo ThinkSystem,Gigabit Ethernet,10G Ethernet,Asia,50854,179920
496,472.0,55,107,Banting,"Cray XC50, Xeon Gold 6148 20C 2.4GHz, Aries interconnect",Shared Services Canada,HPE,Canada,2019,Government,53200,,2676.74,4085.76,2799744.0,,,,,,,MPP,Xeon Gold 6148 20C 2.4GHz,Intel Skylake,2400,Cray Linux Environment,Linux,None,20,Xeon Gold (Skylake),Cray XC50,Cray XC,Custom Interconnect,Aries interconnect,North America,50719,179862
497,473.0,54,95,Hypercluster,"NVIDIA DGX-2, Xeon Platinum 8168 24C 2.7GHz, NVIDIA Tesla V100, Mellanox InfiniBand EDR",Microsoft Research,Nvidia,United States,2019,Research,47808,46080.0,2666.0,4219.085,1531040.0,,,,,,,Cluster,Xeon Platinum 8168 24C 2.7GHz,Intel Skylake,2700,Ubuntu 18.04.01,Linux,NVIDIA Tesla V100,24,Xeon Platinum (Skylake),NVIDIA DGX-2,NVIDIA DGX,Infiniband,Mellanox InfiniBand EDR,North America,50819,179775
498,474.0,59,227,A14A,"ThinkSystem C0366, Xeon Gold 6252 24C 2.1GHz, 100G Ethernet",Software Company MCA,Lenovo,Canada,2022,Industry,78336,,2661.56,5264.18,4957440.0,,,,,,,Cluster,Xeon Gold 6252 24C 2.1GHz,Intel Cascade lake,2100,Linux,Linux,None,24,Xeon Gold 62xx (Cascade Lake),ThinkSystem C0366,Lenovo ThinkSystem,Gigabit Ethernet,100G Ethernet,North America,50931,180063
499,475.0,60,252,NO2,"ThinkSystem C0366, Xeon Gold 6252 24C 2.1GHz, 100G Ethernet",Software Company MUS,Lenovo,United States,2022,Industry,78336,,2661.56,5264.18,4957440.0,,,,,,,Cluster,Xeon Gold 6252 24C 2.1GHz,Intel Cascade lake,2100,Linux,Linux,None,24,Xeon Gold 62xx (Cascade Lake),ThinkSystem C0366,Lenovo ThinkSystem,Gigabit Ethernet,100G Ethernet,North America,50905,180110
500,476.0,56,130,ZZ5,"ThinkSystem HR650X, Xeon Gold 6133 20C 2.5GHz, 10G Ethernet",Service Provider T,Lenovo,China,2020,Industry,64800,,2661.46,5184.0,4553856.0,,,,,,,Cluster,Xeon Gold 6133 20C 2.5GHz,Intel Skylake,2500,Linux,Linux,None,20,Xeon Gold (Skylake),ThinkSystem HR650X,Lenovo ThinkSystem,Gigabit Ethernet,10G Ethernet,Asia,50854,179890
